758ba47d-c105-4c1c-a97f-c3bfb800a6a5,3a7b8d10-22aa-49af-b7e4-49a41882a02a,1,'75',SOLO,9,2,14,FINISHED,TRADITIONAL_GEARED,MEN
758ba47d-c105-4c1c-a97f-c3bfb800a6a5,c0a5b85a-de83-4fb0-b27e-95bdf24132eb,2,'26',SOLO,9,16,57,FINISHED,TRADITIONAL_GEARED,MEN
758ba47d-c105-4c1c-a97f-c3bfb800a6a5,38895624-be13-44a7-92bf-60cf522f89df,3,'60',SOLO,9,21,46,FINISHED,TRADITIONAL_GEARED,MEN
758ba47d-c105-4c1c-a97f-c3bfb800a6a5,251c4a41-26ef-4d98-8524-e5f5cb2b1c5e,4,'93',SOLO,10,2,59,FINISHED,TRADITIONAL_GEARED,MEN
758ba47d-c105-4c1c-a97f-c3bfb800a6a5,469d6c20-c68e-4416-bf4c-37cf8798fe6e,5,'154',SOLO,10,20,31,FINISHED,TRADITIONAL_GEARED,MEN
758ba47d-c105-4c1c-a97f-c3bfb800a6a5,26270fd9-6951-46e8-afa8-4c6d877ba1a8,6,'187',SOLO,10,21,0,FINISHED,TRADITIONAL_GEARED,MEN
758ba47d-c105-4c1c-a97f-c3bfb800a6a5,49ff6551-0f3a-4d12-b526-ad102838df85,7,'80',SOLO,10,23,24,FINISHED,TRADITIONAL_GEARED,MEN
758ba47d-c105-4c1c-a97f-c3bfb800a6a5,e27427b4-3e4a-400f-b01a-77b9a683465e,8,'131',SOLO,11,3,2,FINISHED,TRADITIONAL_GEARED,MEN
758ba47d-c105-4c1c-a97f-c3bfb800a6a5,3b22f067-b820-4e75-bcbd-dc8a0132b0dc,9,'12',SOLO,11,5,48,FINISHED,TRADITIONAL_GEARED,MEN
758ba47d-c105-4c1c-a97f-c3bfb800a6a5,bbc7cb6c-fe04-4fa5-9d30-8ff8416a54a0,10,'84',SOLO,11,13,36,FINISHED,TRADITIONAL_GEARED,MEN
758ba47d-c105-4c1c-a97f-c3bfb800a6a5,74a9c930-f2be-4a4c-95c1-c2a5b3187dab,11,'16',SOLO,11,19,53,FINISHED,TRADITIONAL_GEARED,MEN
758ba47d-c105-4c1c-a97f-c3bfb800a6a5,27c7a7e1-4fc0-406b-a979-5c05739df4aa,12,'23',SOLO,11,21,31,FINISHED,TRADITIONAL_GEARED,MEN
758ba47d-c105-4c1c-a97f-c3bfb800a6a5,9907de70-af3a-4d4c-8fb8-9de264baac5f,13,'97',SOLO,11,23,40,FINISHED,TRADITIONAL_GEARED,MEN
758ba47d-c105-4c1c-a97f-c3bfb800a6a5,968cc01a-31fe-4ba0-9142-31c82df1280f,14,'229',SOLO,12,1,40,FINISHED,TRADITIONAL_GEARED,MEN
758ba47d-c105-4c1c-a97f-c3bfb800a6a5,aa97f436-7342-40d3-9a98-985c4a71c824,15,'50',SOLO,12,6,40,FINISHED,TRADITIONAL_GEARED,MEN
758ba47d-c105-4c1c-a97f-c3bfb800a6a5,9b269b5e-e915-4e5e-84e1-20a29ddce2c7,16,'121',SOLO,12,11,44,FINISHED,TRADITIONAL_GEARED,MEN
758ba47d-c105-4c1c-a97f-c3bfb800a6a5,0b0c6f2d-1840-4472-a36f-e34848ec01ab,17,'148',SOLO,12,14,30,FINISHED,TRADITIONAL_GEARED,MEN
758ba47d-c105-4c1c-a97f-c3bfb800a6a5,79d0651d-93c7-4c7f-9859-a240dc8e7838,18,'88',SOLO,12,14,50,FINISHED,TRADITIONAL_GEARED,MEN
758ba47d-c105-4c1c-a97f-c3bfb800a6a5,82e1c18b-41e8-416d-93c1-6edb81002fa1,19,'203',SOLO,12,15,1,FINISHED,TRADITIONAL_GEARED,MEN
758ba47d-c105-4c1c-a97f-c3bfb800a6a5,d33c2509-3233-44d7-8d4d-917a06ce4cc5,20,'142',SOLO,12,20,37,FINISHED,TRADITIONAL_GEARED,MEN
758ba47d-c105-4c1c-a97f-c3bfb800a6a5,b57731ac-088b-4bb1-b063-06950a5d1477,21,'111',SOLO,12,21,52,FINISHED,TRADITIONAL_GEARED,MEN
758ba47d-c105-4c1c-a97f-c3bfb800a6a5,cc450dd3-6b68-40f4-abc8-144c9527a35f,22,'63',SOLO,12,22,23,FINISHED,TRADITIONAL_GEARED,MEN
758ba47d-c105-4c1c-a97f-c3bfb800a6a5,07f4ae91-ea88-426f-9f68-bd923a190685,23,'32',SOLO,12,22,25,FINISHED,TRADITIONAL_GEARED,MEN
758ba47d-c105-4c1c-a97f-c3bfb800a6a5,64598347-ef04-44bd-ae80-2e8191833665,24,'72',SOLO,12,22,28,FINISHED,TRADITIONAL_GEARED,MEN
758ba47d-c105-4c1c-a97f-c3bfb800a6a5,aeb0bc22-dbe4-45de-b655-07087156868f,25,'29',SOLO,12,22,30,FINISHED,TRADITIONAL_GEARED,MEN
758ba47d-c105-4c1c-a97f-c3bfb800a6a5,9f8ed636-6c91-4d1a-acd6-91760d795171,26,'146',SOLO,12,22,57,FINISHED,TRADITIONAL_GEARED,MEN
758ba47d-c105-4c1c-a97f-c3bfb800a6a5,0e78f297-4821-437f-bdfb-70dcbf14e6c7,27,'28',SOLO,12,23,4,FINISHED,TRADITIONAL_GEARED,MEN
758ba47d-c105-4c1c-a97f-c3bfb800a6a5,b64ce181-9ca7-4931-9117-d2df0e9d9bf2,28,'114',SOLO,13,1,37,FINISHED,TRADITIONAL_GEARED,MEN
758ba47d-c105-4c1c-a97f-c3bfb800a6a5,cf47eabb-526c-4197-a383-3dc3f7d5c567,29,'35',SOLO,13,2,28,FINISHED,TRADITIONAL_GEARED,MEN
758ba47d-c105-4c1c-a97f-c3bfb800a6a5,d602aa1e-b0e9-4a35-9c2a-49104e6f5b95,30,'233',SOLO,13,2,29,FINISHED,TRADITIONAL_GEARED,WOMEN
758ba47d-c105-4c1c-a97f-c3bfb800a6a5,edeb8a50-afd5-4e13-a200-5c68b878db12,31,'235',SOLO,13,4,24,FINISHED,TRADITIONAL_GEARED,MEN
758ba47d-c105-4c1c-a97f-c3bfb800a6a5,780cfb25-6883-4aa1-93fa-e88d6e4e0771,32,'46',SOLO,13,7,28,FINISHED,TRADITIONAL_GEARED,MEN
758ba47d-c105-4c1c-a97f-c3bfb800a6a5,e743c559-2a4d-49db-bab0-a0f4893903e6,33,'197',SOLO,13,7,47,FINISHED,TRADITIONAL_GEARED,MEN
758ba47d-c105-4c1c-a97f-c3bfb800a6a5,a794c50c-6151-4446-b852-bd3658939c5d,34,'163',SOLO,13,12,12,FINISHED,TRADITIONAL_GEARED,MEN
758ba47d-c105-4c1c-a97f-c3bfb800a6a5,318aecf8-4b71-4760-9374-75a4cdd41d5c,35,'128',SOLO,13,16,25,FINISHED,TRADITIONAL_GEARED,MEN
758ba47d-c105-4c1c-a97f-c3bfb800a6a5,2362eb83-7b49-4137-9286-acdfc4f9c8ad,36,'157',SOLO,13,19,55,FINISHED,TRADITIONAL_GEARED,MEN
758ba47d-c105-4c1c-a97f-c3bfb800a6a5,81e6389f-c48f-4469-a228-7691a809fda1,37,'228',SOLO,13,21,43,FINISHED,TRADITIONAL_GEARED,WOMEN
758ba47d-c105-4c1c-a97f-c3bfb800a6a5,ac7e4c1c-bde7-4caa-b38b-4de5afce60eb,38,'123',SOLO,13,22,14,FINISHED,TRADITIONAL_GEARED,MEN
758ba47d-c105-4c1c-a97f-c3bfb800a6a5,3e3c4254-3f73-4a4e-ab14-1a4ab08fa0c6,39,'160',SOLO,13,22,30,FINISHED,TRADITIONAL_GEARED,MEN
758ba47d-c105-4c1c-a97f-c3bfb800a6a5,26fc07b4-eaba-4980-aa90-644b8f80aba0,40,'170',SOLO,13,23,28,FINISHED,TRADITIONAL_GEARED,WOMEN
758ba47d-c105-4c1c-a97f-c3bfb800a6a5,4e4cc78c-fda1-4d04-8f97-a3f22cd76bae,41,'169',SOLO,14,0,17,FINISHED,TRADITIONAL_GEARED,MEN
758ba47d-c105-4c1c-a97f-c3bfb800a6a5,25b9bc46-d130-46eb-839a-bd016e726577,42,'189',SOLO,14,0,47,FINISHED,TRADITIONAL_GEARED,MEN
758ba47d-c105-4c1c-a97f-c3bfb800a6a5,5b8edcd3-fa1c-4a17-921c-f377b9e19404,43,'179',SOLO,14,2,29,FINISHED,TRADITIONAL_GEARED,MEN
758ba47d-c105-4c1c-a97f-c3bfb800a6a5,adca769a-b57a-4f60-bb57-2173bdb7572f,44,'195',SOLO,14,3,17,FINISHED,TRADITIONAL_GEARED,MEN
758ba47d-c105-4c1c-a97f-c3bfb800a6a5,ba4fca3c-aeaf-45b2-98a0-fe27400eb692,45,'218',SOLO,14,3,41,FINISHED,TRADITIONAL_GEARED,MEN
758ba47d-c105-4c1c-a97f-c3bfb800a6a5,712c7717-40d2-4161-af42-b3083dd427eb,46,'92',SOLO,14,5,9,FINISHED,TRADITIONAL_GEARED,MEN
758ba47d-c105-4c1c-a97f-c3bfb800a6a5,947849db-0d36-439c-baf4-496c28db00c6,47,'151',SOLO,14,5,10,FINISHED,TRADITIONAL_GEARED,MEN
758ba47d-c105-4c1c-a97f-c3bfb800a6a5,5331ff48-1658-4a51-b22a-fc220a123acc,48,'48',SOLO,14,6,0,FINISHED,TRADITIONAL_GEARED,MEN
758ba47d-c105-4c1c-a97f-c3bfb800a6a5,6f4c58d8-f6d4-4ce3-a450-436bad23dd7d,49,'205',SOLO,14,10,17,FINISHED,TRADITIONAL_GEARED,MEN
758ba47d-c105-4c1c-a97f-c3bfb800a6a5,c0f928c7-0b62-438a-8226-edf2afbb1997,50,'145',SOLO,14,10,39,FINISHED,TRADITIONAL_GEARED,MEN
758ba47d-c105-4c1c-a97f-c3bfb800a6a5,6cd76af2-542e-4dcf-b8e6-62d88c7c4997,51,'132',SOLO,14,11,22,FINISHED,TRADITIONAL_GEARED,MEN
758ba47d-c105-4c1c-a97f-c3bfb800a6a5,40f4749c-779a-48a1-8841-a5a576dc8a51,52,'133',SOLO,14,12,22,FINISHED,TRADITIONAL_GEARED,MEN
758ba47d-c105-4c1c-a97f-c3bfb800a6a5,c23a23b1-856f-41d4-9381-6cee8b512ebb,53,'212',SOLO,14,14,15,FINISHED,TRADITIONAL_GEARED,MEN
758ba47d-c105-4c1c-a97f-c3bfb800a6a5,67a8f3b3-06cf-4f8f-b971-8f1705cfb85f,54,'181',SOLO,14,14,47,FINISHED,TRADITIONAL_GEARED,MEN
758ba47d-c105-4c1c-a97f-c3bfb800a6a5,45d4e4af-48d3-4b28-83ca-afb023f698b1,55,'120',SOLO,14,15,26,FINISHED,TRADITIONAL_GEARED,MEN
758ba47d-c105-4c1c-a97f-c3bfb800a6a5,81111a85-84a2-41f6-afc4-2efe5dde6e72,56,'104',SOLO,14,17,23,FINISHED,TRADITIONAL_GEARED,MEN
758ba47d-c105-4c1c-a97f-c3bfb800a6a5,aced1ca2-6f3a-41e3-bd8c-d45579228619,57,'42',SOLO,14,19,45,FINISHED,TRADITIONAL_GEARED,MEN
758ba47d-c105-4c1c-a97f-c3bfb800a6a5,dd23dba7-23aa-42dc-b9fb-3654df23176a,58,'4',SOLO,14,19,48,FINISHED,TRADITIONAL_GEARED,MEN
758ba47d-c105-4c1c-a97f-c3bfb800a6a5,21a813a9-e016-4bf3-b511-64dd87114d17,59,'38',SOLO,14,22,22,FINISHED,TRADITIONAL_GEARED,MEN
758ba47d-c105-4c1c-a97f-c3bfb800a6a5,993955b5-878b-417a-b6a8-01cfbb927ec8,60,'95',SOLO,15,1,59,FINISHED,TRADITIONAL_GEARED,MEN
758ba47d-c105-4c1c-a97f-c3bfb800a6a5,5e4cb09e-480b-46c2-8504-2110c176bcd7,61,'83',SOLO,15,4,52,FINISHED,TRADITIONAL_GEARED,MEN
758ba47d-c105-4c1c-a97f-c3bfb800a6a5,8f5d38f1-18b7-4c94-9ce8-ef086a724cdb,62,'209',SOLO,15,11,0,FINISHED,TRADITIONAL_GEARED,MEN
758ba47d-c105-4c1c-a97f-c3bfb800a6a5,292320ed-2f64-4600-9b7c-7480cc2dec00,63,'161',SOLO,15,11,45,FINISHED,TRADITIONAL_GEARED,MEN
758ba47d-c105-4c1c-a97f-c3bfb800a6a5,76b3152b-a140-4eb1-b0e4-d5b93d76d56b,64,'77',SOLO,15,12,33,FINISHED,TRADITIONAL_GEARED,MEN
758ba47d-c105-4c1c-a97f-c3bfb800a6a5,e2c0471f-b4d5-4f54-b8c3-d8ec5fb74f48,65,'41',SOLO,15,16,57,FINISHED,TRADITIONAL_GEARED,MEN
758ba47d-c105-4c1c-a97f-c3bfb800a6a5,a0c48454-7006-491c-a2e9-698c659f6b44,66,'176',SOLO,15,18,13,FINISHED,TRADITIONAL_GEARED,MEN
758ba47d-c105-4c1c-a97f-c3bfb800a6a5,f44153e8-17d2-4491-ac0a-190c3af33cd1,67,'14',SOLO,15,18,18,FINISHED,TRADITIONAL_GEARED,WOMEN
758ba47d-c105-4c1c-a97f-c3bfb800a6a5,670765e3-f78d-49b4-99b4-f35c24b79982,68,'171',SOLO,15,18,48,FINISHED,TRADITIONAL_GEARED,MEN
758ba47d-c105-4c1c-a97f-c3bfb800a6a5,1b353f32-6d78-47d1-b5aa-0bddddc60e55,69,'87',SOLO,15,19,42,FINISHED,TRADITIONAL_GEARED,MEN
758ba47d-c105-4c1c-a97f-c3bfb800a6a5,00a329ea-cb89-4b7d-a612-d1c1fa3b5e6b,70,'99',SOLO,15,19,50,FINISHED,TRADITIONAL_GEARED,MEN
758ba47d-c105-4c1c-a97f-c3bfb800a6a5,f209c7e7-39ec-47e4-b47c-80d6cfeb7766,71,'193',SOLO,15,20,25,FINISHED,TRADITIONAL_GEARED,MEN
758ba47d-c105-4c1c-a97f-c3bfb800a6a5,1e3fa328-c29f-4efb-b1c3-68b428fe61b4,72,'40',SOLO,15,20,54,FINISHED,TRADITIONAL_GEARED,WOMEN
758ba47d-c105-4c1c-a97f-c3bfb800a6a5,711c2b0a-afff-45c2-90a0-f7f8e49a73bf,73,'31',SOLO,15,20,54,FINISHED,TRADITIONAL_GEARED,WOMEN
758ba47d-c105-4c1c-a97f-c3bfb800a6a5,152356ed-ec73-46cd-b350-e57ab1002bdb,74,'124',SOLO,15,21,23,FINISHED,TRADITIONAL_GEARED,MEN
758ba47d-c105-4c1c-a97f-c3bfb800a6a5,2e9bc433-5e40-409c-a12e-ecf893c06f09,75,'168',SOLO,15,21,43,FINISHED,TRADITIONAL_GEARED,MEN
758ba47d-c105-4c1c-a97f-c3bfb800a6a5,42ed8fef-7f86-40a7-8884-64920d0afee2,76,'67',SOLO,15,21,52,FINISHED,TRADITIONAL_GEARED,WOMEN
758ba47d-c105-4c1c-a97f-c3bfb800a6a5,fcd4d592-de4c-4b68-aa24-745c446fca56,77,'207',SOLO,16,1,16,FINISHED,TRADITIONAL_GEARED,MEN
758ba47d-c105-4c1c-a97f-c3bfb800a6a5,fc2bc09a-eb5d-49f9-a988-dd116430cebc,78,'96',SOLO,16,3,50,FINISHED,TRADITIONAL_GEARED,MEN
758ba47d-c105-4c1c-a97f-c3bfb800a6a5,c093ea54-32af-4cf7-8658-1b2d327af9f8,79,'231',SOLO,16,4,50,FINISHED,TRADITIONAL_GEARED,MEN
758ba47d-c105-4c1c-a97f-c3bfb800a6a5,a217cf89-226e-4b0b-9f14-9e3cceb7328d,80,'47',SOLO,16,6,1,FINISHED,TRADITIONAL_GEARED,MEN
758ba47d-c105-4c1c-a97f-c3bfb800a6a5,9b967052-0291-4c68-8780-ab0c025ae352,81,'39',SOLO,16,11,2,FINISHED,TRADITIONAL_GEARED,MEN
758ba47d-c105-4c1c-a97f-c3bfb800a6a5,14bc5ee4-e023-431c-b799-f6c3a7224c70,82,'36',SOLO,16,12,0,FINISHED,TRADITIONAL_GEARED,MEN
758ba47d-c105-4c1c-a97f-c3bfb800a6a5,e4775822-dde4-4ebc-b0dc-60cd9add76d1,83,'62',SOLO,16,12,54,FINISHED,TRADITIONAL_GEARED,MEN
758ba47d-c105-4c1c-a97f-c3bfb800a6a5,14e86ade-29e8-48d0-8ecc-2595c5b97e6e,84,'101',SOLO,16,13,7,FINISHED,TRADITIONAL_GEARED,MEN
758ba47d-c105-4c1c-a97f-c3bfb800a6a5,43ee1293-1fd1-4f15-94b1-1d4bce6b1c61,85,'184',SOLO,16,13,54,FINISHED,TRADITIONAL_GEARED,MEN
758ba47d-c105-4c1c-a97f-c3bfb800a6a5,9006c2f8-1849-4c60-9d7e-38c7888341c9,86,'219',SOLO,16,15,0,FINISHED,TRADITIONAL_GEARED,MEN
758ba47d-c105-4c1c-a97f-c3bfb800a6a5,4339e2b1-2f6d-4931-bb1a-bd28f3b5d638,87,'140',SOLO,16,15,16,FINISHED,TRADITIONAL_GEARED,MEN
758ba47d-c105-4c1c-a97f-c3bfb800a6a5,82c136da-63b5-48b9-8215-6a8bf0d645da,88,'54',SOLO,16,18,55,FINISHED,TRADITIONAL_GEARED,MEN
758ba47d-c105-4c1c-a97f-c3bfb800a6a5,cda25e91-27eb-48fb-8364-af52ca789ec0,89,'159',SOLO,16,20,58,FINISHED,TRADITIONAL_GEARED,MEN
758ba47d-c105-4c1c-a97f-c3bfb800a6a5,07b55cfd-462a-4ff8-8a19-e45fc31496da,90,'164',SOLO,16,22,26,FINISHED,TRADITIONAL_GEARED,MEN
758ba47d-c105-4c1c-a97f-c3bfb800a6a5,a4ed584e-2bb8-4c12-aed4-e4f47f65f386,91,'204',SOLO,17,6,14,FINISHED,TRADITIONAL_GEARED,MEN
758ba47d-c105-4c1c-a97f-c3bfb800a6a5,4f12f433-ec94-46f0-8375-ffcb52b61f81,92,'220',SOLO,17,16,56,FINISHED,TRADITIONAL_GEARED,MEN
758ba47d-c105-4c1c-a97f-c3bfb800a6a5,8825a98b-271d-4145-b21c-11630256239e,93,'57',SOLO,17,19,2,FINISHED,TRADITIONAL_GEARED,MEN
758ba47d-c105-4c1c-a97f-c3bfb800a6a5,5537f154-e8bc-41a0-9f4f-55b62368d08f,94,'22',SOLO,17,23,27,FINISHED,TRADITIONAL_GEARED,MEN
758ba47d-c105-4c1c-a97f-c3bfb800a6a5,47cc6b44-a309-48bc-a4a4-925a9f94c549,1,'255a',PAIR,13,21,5,FINISHED,TRADITIONAL_GEARED,MEN
758ba47d-c105-4c1c-a97f-c3bfb800a6a5,2aeb1eb2-cce0-4438-9417-b2f9798ddf10,1,'255b',PAIR,13,21,5,FINISHED,TRADITIONAL_GEARED,MEN
758ba47d-c105-4c1c-a97f-c3bfb800a6a5,b917d1fc-a2c8-40c8-975e-d58366d19f47,2,'276a',PAIR,14,3,32,FINISHED,TRADITIONAL_GEARED,WOMEN
758ba47d-c105-4c1c-a97f-c3bfb800a6a5,c9b87edc-8a71-4bed-a822-0f2d547f9344,2,'276b',PAIR,14,3,32,FINISHED,TRADITIONAL_GEARED,MEN
758ba47d-c105-4c1c-a97f-c3bfb800a6a5,45b149cf-ab05-49b0-bafc-e5ef73e3fc12,3,'270a',PAIR,14,5,13,FINISHED,TRADITIONAL_GEARED,MEN
758ba47d-c105-4c1c-a97f-c3bfb800a6a5,d8bcf3ad-fc07-4e86-9199-e3f2260a7342,3,'270b',PAIR,14,5,13,FINISHED,TRADITIONAL_GEARED,MEN
758ba47d-c105-4c1c-a97f-c3bfb800a6a5,c87a6982-4e5b-4ed2-b830-0e6cf0ed41e2,4,'264a',PAIR,14,7,8,FINISHED,TRADITIONAL_GEARED,MEN
758ba47d-c105-4c1c-a97f-c3bfb800a6a5,0e1a5ad7-dcfd-4c75-ad49-dfa5fb41aa3b,4,'264b',PAIR,14,7,8,FINISHED,TRADITIONAL_GEARED,MEN
758ba47d-c105-4c1c-a97f-c3bfb800a6a5,b24531fc-c9fe-448f-805f-a86aa88b2956,5,'267a',PAIR,14,16,28,FINISHED,TRADITIONAL_GEARED,MEN
758ba47d-c105-4c1c-a97f-c3bfb800a6a5,25b4bb6c-0318-4fbf-8d7f-74ed981165b9,5,'267b',PAIR,14,16,28,FINISHED,TRADITIONAL_GEARED,MEN
758ba47d-c105-4c1c-a97f-c3bfb800a6a5,424be83a-8d9f-495a-8416-2b6fbbf82a16,6,'269a',PAIR,16,12,46,FINISHED,TRADITIONAL_GEARED,MEN
758ba47d-c105-4c1c-a97f-c3bfb800a6a5,1d8365f4-9397-4f1c-8106-261978a4deb9,6,'269b',PAIR,16,12,46,FINISHED,TRADITIONAL_GEARED,MEN
758ba47d-c105-4c1c-a97f-c3bfb800a6a5,978168b3-3732-4647-a5a2-34615d9b8b68,7,'263a',PAIR,17,5,9,FINISHED,TRADITIONAL_GEARED,MEN
758ba47d-c105-4c1c-a97f-c3bfb800a6a5,6e212a88-9ef9-4c34-ba22-2f8c38e3ddba,7,'263b',PAIR,17,5,9,FINISHED,TRADITIONAL_GEARED,MEN
758ba47d-c105-4c1c-a97f-c3bfb800a6a5,eb61089b-5017-4193-b264-bb1fd39cbb78,8,'258a',PAIR,17,14,50,FINISHED,TRADITIONAL_GEARED,MEN
50ccc52b-ad0b-4493-86a5-c38a8411956a,a3047bcc-bd0a-4d8d-8a50-4a2d5f343d62,1,'3',SOLO,8,17,2,FINISHED,TRADITIONAL_GEARED,MEN
50ccc52b-ad0b-4493-86a5-c38a8411956a,2566ab51-36ec-41dc-85fb-07d77bc58cf0,2,'172',SOLO,9,21,43,FINISHED,TRADITIONAL_GEARED,MEN
50ccc52b-ad0b-4493-86a5-c38a8411956a,024357f6-fa84-4f74-8f95-f656dc7add22,3,'60',SOLO,9,23,51,FINISHED,TRADITIONAL_GEARED,MEN
50ccc52b-ad0b-4493-86a5-c38a8411956a,3a7b8d10-22aa-49af-b7e4-49a41882a02a,4,'75',SOLO,10,5,31,FINISHED,TRADITIONAL_GEARED,MEN
50ccc52b-ad0b-4493-86a5-c38a8411956a,6127f5e4-7d97-4570-b7db-c1776638bea4,5,'77',SOLO,10,10,32,FINISHED,TRADITIONAL_GEARED,MEN
50ccc52b-ad0b-4493-86a5-c38a8411956a,49ff6551-0f3a-4d12-b526-ad102838df85,6,'80',SOLO,10,18,32,FINISHED,TRADITIONAL_GEARED,MEN
50ccc52b-ad0b-4493-86a5-c38a8411956a,251c4a41-26ef-4d98-8524-e5f5cb2b1c5e,7,'93',SOLO,10,21,30,FINISHED,TRADITIONAL_GEARED,MEN
50ccc52b-ad0b-4493-86a5-c38a8411956a,8616814f-02ae-4990-aeab-bfeeb2c8696c,8,'4',SOLO,11,0,32,FINISHED,TRADITIONAL_GEARED,MEN
50ccc52b-ad0b-4493-86a5-c38a8411956a,3ac5000d-751a-45b5-87df-e262a85a9883,9,'168',SOLO,11,6,50,FINISHED,TRADITIONAL_GEARED,MEN
50ccc52b-ad0b-4493-86a5-c38a8411956a,64598347-ef04-44bd-ae80-2e8191833665,10,'72',SOLO,11,6,50,FINISHED,TRADITIONAL_GEARED,MEN
50ccc52b-ad0b-4493-86a5-c38a8411956a,135419d5-99e4-45f7-8469-d00c39bca0e2,11,'133',SOLO,11,8,58,FINISHED,TRADITIONAL_GEARED,MEN
50ccc52b-ad0b-4493-86a5-c38a8411956a,469d6c20-c68e-4416-bf4c-37cf8798fe6e,12,'154',SOLO,11,9,26,FINISHED,TRADITIONAL_GEARED,MEN
50ccc52b-ad0b-4493-86a5-c38a8411956a,bbc7cb6c-fe04-4fa5-9d30-8ff8416a54a0,13,'84',SOLO,11,16,30,FINISHED,TRADITIONAL_GEARED,MEN
50ccc52b-ad0b-4493-86a5-c38a8411956a,3b22f067-b820-4e75-bcbd-dc8a0132b0dc,14,'12',SOLO,11,18,46,FINISHED,TRADITIONAL_GEARED,MEN
50ccc52b-ad0b-4493-86a5-c38a8411956a,d33c2509-3233-44d7-8d4d-917a06ce4cc5,15,'142',SOLO,12,0,26,FINISHED,TRADITIONAL_GEARED,MEN
50ccc52b-ad0b-4493-86a5-c38a8411956a,823aab77-f4a3-4cbe-99bd-a74c9bbddc1e,16,'16',SOLO,12,4,58,FINISHED,TRADITIONAL_GEARED,MEN
50ccc52b-ad0b-4493-86a5-c38a8411956a,6af7c3bd-b78f-4e5f-85e0-97aea692955c,17,'166',SOLO,12,5,27,FINISHED,TRADITIONAL_GEARED,MEN
50ccc52b-ad0b-4493-86a5-c38a8411956a,a0f2f65c-1121-4ef2-87b6-2533c80534bb,18,'66',SOLO,12,5,28,FINISHED,TRADITIONAL_GEARED,MEN
50ccc52b-ad0b-4493-86a5-c38a8411956a,674b989b-d9cb-45fd-9854-226e2cc76507,19,'171',SOLO,12,10,32,FINISHED,TRADITIONAL_GEARED,MEN
50ccc52b-ad0b-4493-86a5-c38a8411956a,ca8ecfca-0d1d-4194-acc7-c751bac48e3c,20,'89',SOLO,12,14,30,FINISHED,TRADITIONAL_GEARED,MEN
50ccc52b-ad0b-4493-86a5-c38a8411956a,b32ca1f9-2d7b-4dbc-b072-d1431c648ea0,21,'144',SOLO,12,14,44,FINISHED,TRADITIONAL_GEARED,MEN
50ccc52b-ad0b-4493-86a5-c38a8411956a,61f15eec-e410-44d9-8e03-70b8daa17464,22,'91',SOLO,12,15,51,FINISHED,TRADITIONAL_GEARED,MEN
50ccc52b-ad0b-4493-86a5-c38a8411956a,bb182b0b-a64b-45b9-afdc-849a34349d83,23,'26',SOLO,12,16,1,FINISHED,TRADITIONAL_GEARED,MEN
50ccc52b-ad0b-4493-86a5-c38a8411956a,35a904e2-a3a2-4f55-a90d-6de88fff5eb8,24,'42',SOLO,12,18,38,FINISHED,TRADITIONAL_GEARED,MEN
50ccc52b-ad0b-4493-86a5-c38a8411956a,e40ba2b9-761c-4c6d-bb40-9de5fff31bab,25,'24',SOLO,12,20,36,FINISHED,TRADITIONAL_GEARED,MEN
50ccc52b-ad0b-4493-86a5-c38a8411956a,e7210c4c-f129-4f1d-b1b7-eeda4497971d,26,'140',SOLO,12,22,52,FINISHED,TRADITIONAL_GEARED,MEN
50ccc52b-ad0b-4493-86a5-c38a8411956a,414bad1c-e4f8-4965-97a4-94dcaa2f5066,27,'46',SOLO,13,0,30,FINISHED,TRADITIONAL_GEARED,MEN
50ccc52b-ad0b-4493-86a5-c38a8411956a,585d5716-4b38-4566-acef-96e21ac82a84,28,'175',SOLO,13,2,29,FINISHED,TRADITIONAL_GEARED,MEN
50ccc52b-ad0b-4493-86a5-c38a8411956a,3e676364-214e-4d75-8fe3-7a2ec28b7772,29,'167',SOLO,13,3,59,FINISHED,TRADITIONAL_GEARED,MEN
50ccc52b-ad0b-4493-86a5-c38a8411956a,61fbae07-ad02-4fd3-ba21-de89c10f9746,30,'14',SOLO,13,4,5,FINISHED,TRADITIONAL_GEARED,MEN
50ccc52b-ad0b-4493-86a5-c38a8411956a,b6736e88-976f-4792-bce4-d6154cd25cbf,31,'30',SOLO,13,4,46,FINISHED,TRADITIONAL_GEARED,MEN
50ccc52b-ad0b-4493-86a5-c38a8411956a,07f4ae91-ea88-426f-9f68-bd923a190685,32,'32',SOLO,13,8,33,FINISHED,TRADITIONAL_GEARED,MEN
50ccc52b-ad0b-4493-86a5-c38a8411956a,90dd445c-a369-47fe-ab5c-c73456c00fc9,33,'7',SOLO,13,10,28,FINISHED,TRADITIONAL_GEARED,WOMEN
50ccc52b-ad0b-4493-86a5-c38a8411956a,23d4f058-c7c1-4b7e-b15e-9b1cef86931d,34,'155',SOLO,13,10,28,FINISHED,TRADITIONAL_GEARED,MEN
50ccc52b-ad0b-4493-86a5-c38a8411956a,993955b5-878b-417a-b6a8-01cfbb927ec8,35,'82',SOLO,13,11,23,FINISHED,TRADITIONAL_GEARED,MEN
50ccc52b-ad0b-4493-86a5-c38a8411956a,26604a75-1a95-42b7-bc4b-3968414bb9be,36,'162',SOLO,13,17,53,FINISHED,TRADITIONAL_GEARED,MEN
50ccc52b-ad0b-4493-86a5-c38a8411956a,793db088-cc04-47bb-8b44-bb01b2e1b18b,37,'19',SOLO,13,17,57,FINISHED,TRADITIONAL_GEARED,MEN
50ccc52b-ad0b-4493-86a5-c38a8411956a,558046a3-a1dc-4f76-ab54-dcfe1ea47056,38,'163',SOLO,13,21,28,FINISHED,TRADITIONAL_GEARED,MEN
50ccc52b-ad0b-4493-86a5-c38a8411956a,0bdeed3f-0299-4ec6-aec6-f741f3717459,39,'17',SOLO,13,23,42,FINISHED,TRADITIONAL_GEARED,MEN
50ccc52b-ad0b-4493-86a5-c38a8411956a,4a8b58ff-93a7-41b5-8e8a-2cca7b06573f,40,'11',SOLO,14,0,5,FINISHED,TRADITIONAL_GEARED,MEN
50ccc52b-ad0b-4493-86a5-c38a8411956a,5e4cb09e-480b-46c2-8504-2110c176bcd7,41,'37',SOLO,14,2,42,FINISHED,TRADITIONAL_GEARED,MEN
50ccc52b-ad0b-4493-86a5-c38a8411956a,4846dfcd-78ef-4f1b-9042-a03a57f846fd,42,'159',SOLO,14,5,29,FINISHED,TRADITIONAL_GEARED,MEN
50ccc52b-ad0b-4493-86a5-c38a8411956a,312f3d58-663e-413f-b5da-9a874f849d99,43,'67',SOLO,14,5,35,FINISHED,TRADITIONAL_GEARED,MEN
50ccc52b-ad0b-4493-86a5-c38a8411956a,947849db-0d36-439c-baf4-496c28db00c6,44,'151',SOLO,14,10,29,FINISHED,TRADITIONAL_GEARED,MEN
50ccc52b-ad0b-4493-86a5-c38a8411956a,dd23dba7-23aa-42dc-b9fb-3654df23176a,45,'44',SOLO,14,15,25,FINISHED,TRADITIONAL_GEARED,MEN
50ccc52b-ad0b-4493-86a5-c38a8411956a,712c7717-40d2-4161-af42-b3083dd427eb,46,'137',SOLO,14,15,50,FINISHED,TRADITIONAL_GEARED,MEN
50ccc52b-ad0b-4493-86a5-c38a8411956a,003da419-5e28-4b73-8cf8-14adc4e02fcf,47,'41',SOLO,14,16,25,FINISHED,TRADITIONAL_GEARED,MEN
50ccc52b-ad0b-4493-86a5-c38a8411956a,46d0b409-64cc-441a-8bff-4642349d02f8,48,'73',SOLO,14,16,45,FINISHED,TRADITIONAL_GEARED,MEN
50ccc52b-ad0b-4493-86a5-c38a8411956a,d55f94f6-7d3c-4b93-a23a-99ce593e6ac4,49,'96',SOLO,14,17,4,FINISHED,TRADITIONAL_GEARED,MEN
50ccc52b-ad0b-4493-86a5-c38a8411956a,048b8552-8e1b-4b63-a2e3-2f0e097ffb16,50,'145',SOLO,14,17,5,FINISHED,TRADITIONAL_GEARED,MEN
50ccc52b-ad0b-4493-86a5-c38a8411956a,c3f99cba-3dd1-4724-95c8-cba83074bb02,51,'114',SOLO,14,20,18,FINISHED,TRADITIONAL_GEARED,MEN
50ccc52b-ad0b-4493-86a5-c38a8411956a,519d92f5-082a-46b4-81e1-da97e2ffa79d,52,'124',SOLO,14,20,25,FINISHED,TRADITIONAL_GEARED,MEN
50ccc52b-ad0b-4493-86a5-c38a8411956a,fcaf9a77-47e7-4809-a8bc-d7e3eff3b24d,53,'57',SOLO,14,21,18,FINISHED,TRADITIONAL_GEARED,MEN
50ccc52b-ad0b-4493-86a5-c38a8411956a,4329f1f9-1cf7-4890-be99-967fb446deb1,54,'146',SOLO,14,21,32,FINISHED,TRADITIONAL_GEARED,MEN
50ccc52b-ad0b-4493-86a5-c38a8411956a,2efbfebc-8dba-4c32-8ef7-82b1767e53af,55,'104',SOLO,14,23,31,FINISHED,TRADITIONAL_GEARED,MEN
50ccc52b-ad0b-4493-86a5-c38a8411956a,4bd9b357-e719-4ee2-9723-44ad7ecf619e,56,'64',SOLO,14,24,27,FINISHED,TRADITIONAL_GEARED,MEN
50ccc52b-ad0b-4493-86a5-c38a8411956a,ef6bf96f-c730-41cf-80ea-f6ad9cdf4d76,57,'122',SOLO,15,1,35,FINISHED,TRADITIONAL_GEARED,MEN
50ccc52b-ad0b-4493-86a5-c38a8411956a,89fa5201-0fa3-43fb-9b22-536be3142fbc,58,'141',SOLO,15,3,35,FINISHED,TRADITIONAL_GEARED,MEN
50ccc52b-ad0b-4493-86a5-c38a8411956a,48b01814-0c4b-45da-84c3-0715b1a90af4,59,'28',SOLO,15,13,2,FINISHED,TRADITIONAL_GEARED,MEN
50ccc52b-ad0b-4493-86a5-c38a8411956a,dcfbd90c-647f-459e-862c-3d07561962c4,60,'52',SOLO,15,14,7,FINISHED,TRADITIONAL_GEARED,MEN
50ccc52b-ad0b-4493-86a5-c38a8411956a,2d5271e5-759e-4423-a6c8-dbdd7b9bde8f,61,'10',SOLO,15,15,36,FINISHED,TRADITIONAL_GEARED,MEN
50ccc52b-ad0b-4493-86a5-c38a8411956a,10baecac-25a8-4a70-bece-7df096b78ca6,62,'110',SOLO,15,16,45,FINISHED,TRADITIONAL_GEARED,MEN
50ccc52b-ad0b-4493-86a5-c38a8411956a,7e4b4ddf-51d4-43d2-a27f-f4da18ff36b3,63,'45',SOLO,15,20,16,FINISHED,TRADITIONAL_GEARED,MEN
50ccc52b-ad0b-4493-86a5-c38a8411956a,30273784-6ed1-40a4-9a5e-15a6c86e6b30,64,'112',SOLO,15,20,30,FINISHED,TRADITIONAL_GEARED,MEN
50ccc52b-ad0b-4493-86a5-c38a8411956a,93d0dffd-320f-4b3e-90fe-24f925f5108c,65,'22',SOLO,15,22,41,FINISHED,TRADITIONAL_GEARED,MEN
50ccc52b-ad0b-4493-86a5-c38a8411956a,06100f01-dea4-4c97-9a03-b568ed42e9b8,66,'71',SOLO,15,24,30,FINISHED,TRADITIONAL_GEARED,MEN
50ccc52b-ad0b-4493-86a5-c38a8411956a,504b5fb8-6348-49ad-b04d-39c0edea8062,67,'74',SOLO,16,1,21,FINISHED,TRADITIONAL_GEARED,MEN
50ccc52b-ad0b-4493-86a5-c38a8411956a,460abba0-8eba-457d-9001-324d1583c7bc,68,'5',SOLO,16,1,47,FINISHED,TRADITIONAL_GEARED,WOMEN
50ccc52b-ad0b-4493-86a5-c38a8411956a,af44570c-4a13-4aa0-8946-3bad71da2e32,69,'65',SOLO,16,1,47,FINISHED,TRADITIONAL_GEARED,MEN
50ccc52b-ad0b-4493-86a5-c38a8411956a,114f5369-fe99-4cee-86d6-83d95d56cd7f,70,'61',SOLO,16,11,25,FINISHED,TRADITIONAL_GEARED,MEN
50ccc52b-ad0b-4493-86a5-c38a8411956a,4b046b4c-b7ea-4040-b2e1-17b7b96ab58d,71,'158',SOLO,16,12,12,FINISHED,TRADITIONAL_GEARED,MEN
50ccc52b-ad0b-4493-86a5-c38a8411956a,1f4d926f-54ba-4d21-9c8b-54ef2bb6276c,72,'76',SOLO,16,22,41,FINISHED,TRADITIONAL_GEARED,MEN
50ccc52b-ad0b-4493-86a5-c38a8411956a,07b55cfd-462a-4ff8-8a19-e45fc31496da,73,'164',SOLO,16,23,37,FINISHED,TRADITIONAL_GEARED,MEN
50ccc52b-ad0b-4493-86a5-c38a8411956a,3a7bb7c7-6ee1-47cb-9dac-8ccc923de5f1,74,'118',SOLO,17,3,5,FINISHED,TRADITIONAL_GEARED,MEN
50ccc52b-ad0b-4493-86a5-c38a8411956a,a217cf89-226e-4b0b-9f14-9e3cceb7328d,75,'47',SOLO,17,12,28,FINISHED,TRADITIONAL_GEARED,MEN
50ccc52b-ad0b-4493-86a5-c38a8411956a,0eb22241-7dc2-41bf-9bcf-c1c190e4894c,76,'128',SOLO,17,12,34,FINISHED,TRADITIONAL_GEARED,MEN
50ccc52b-ad0b-4493-86a5-c38a8411956a,f17b592a-95e4-4187-ba66-62a34e08fc67,77,'31',SOLO,17,17,30,FINISHED,TRADITIONAL_GEARED,MEN
50ccc52b-ad0b-4493-86a5-c38a8411956a,182cd3e7-be23-4352-9649-e6119a4ac98b,78,'99',SOLO,17,19,0,FINISHED,TRADITIONAL_GEARED,MEN
50ccc52b-ad0b-4493-86a5-c38a8411956a,d7e82b0a-c748-4001-8204-6a3ef5535870,79,'116',SOLO,17,19,42,FINISHED,TRADITIONAL_GEARED,MEN
50ccc52b-ad0b-4493-86a5-c38a8411956a,670765e3-f78d-49b4-99b4-f35c24b79982,80,'55',SOLO,18,11,11,FINISHED,TRADITIONAL_GEARED,MEN
50ccc52b-ad0b-4493-86a5-c38a8411956a,0c443de7-3b2e-4a69-bafb-7f040d089b6f,81,'136',SOLO,20,4,24,FINISHED,TRADITIONAL_GEARED,MEN
50ccc52b-ad0b-4493-86a5-c38a8411956a,e4e64d03-6e34-4b48-af97-296638a6a751,82,'113',SOLO,20,14,30,FINISHED,TRADITIONAL_GEARED,MEN
50ccc52b-ad0b-4493-86a5-c38a8411956a,f7339955-d055-437f-a30d-ea46b65175db,83,'126',SOLO,23,1,0,FINISHED,TRADITIONAL_GEARED,MEN
50ccc52b-ad0b-4493-86a5-c38a8411956a,789e9fb2-a3f9-4ea0-be23-2e90b292747d,84,'92',SOLO,27,34,56,FINISHED,TRADITIONAL_GEARED,MEN
50ccc52b-ad0b-4493-86a5-c38a8411956a,673af139-1b8f-439a-8458-c01cc0a89e35,1,'212',PAIR,11,19,39,FINISHED,TRADITIONAL_GEARED,MEN
50ccc52b-ad0b-4493-86a5-c38a8411956a,37c37b13-9515-4c6e-b658-241d79ca8763,1,'212',PAIR,11,19,39,FINISHED,TRADITIONAL_GEARED,MEN
50ccc52b-ad0b-4493-86a5-c38a8411956a,4c712186-9f7d-4259-af3c-53c011c57d96,2,'226',PAIR,12,12,57,FINISHED,TRADITIONAL_GEARED,MEN
50ccc52b-ad0b-4493-86a5-c38a8411956a,94355e13-f14d-458f-bd09-630bdfdf1017,2,'226',PAIR,12,12,57,FINISHED,TRADITIONAL_GEARED,MEN
50ccc52b-ad0b-4493-86a5-c38a8411956a,dd91abb2-0862-45ea-8990-5d02f82d32fe,3,'225',PAIR,12,21,53,FINISHED,TRADITIONAL_GEARED,MEN
50ccc52b-ad0b-4493-86a5-c38a8411956a,ff182401-c796-4a7c-b527-632372b2d43b,3,'225',PAIR,12,21,53,FINISHED,TRADITIONAL_GEARED,MEN
50ccc52b-ad0b-4493-86a5-c38a8411956a,83835d87-9236-4d68-ac2a-aeb034bf94ac,4,'216',PAIR,13,11,57,FINISHED,TRADITIONAL_GEARED,MEN
50ccc52b-ad0b-4493-86a5-c38a8411956a,ca868a03-9007-4f83-b9f5-f61af7fc001e,4,'216',PAIR,13,11,57,FINISHED,TRADITIONAL_GEARED,MEN
50ccc52b-ad0b-4493-86a5-c38a8411956a,29e2e733-790d-4d49-8bc2-b2087be5b125,5,'204',PAIR,13,19,26,FINISHED,TRADITIONAL_GEARED,WOMEN
50ccc52b-ad0b-4493-86a5-c38a8411956a,c45a2cc7-b18f-4ee2-91c1-b7f54f840a01,5,'204',PAIR,13,19,26,FINISHED,TRADITIONAL_GEARED,MEN
50ccc52b-ad0b-4493-86a5-c38a8411956a,213a865a-2180-4d7f-94c6-eb42210932ef,6,'206',PAIR,14,11,15,FINISHED,TRADITIONAL_GEARED,MEN
50ccc52b-ad0b-4493-86a5-c38a8411956a,1d0ba38b-df05-423c-8fc9-528922a8fcaf,6,'206',PAIR,14,11,15,FINISHED,TRADITIONAL_GEARED,MEN
50ccc52b-ad0b-4493-86a5-c38a8411956a,1b825113-d1d8-43bc-8d54-13f80af30fb2,7,'211',PAIR,14,17,29,FINISHED,TRADITIONAL_GEARED,MEN
50ccc52b-ad0b-4493-86a5-c38a8411956a,94208416-6cfc-451c-b226-d94a30bcbc37,7,'211',PAIR,14,17,29,FINISHED,TRADITIONAL_GEARED,MEN
50ccc52b-ad0b-4493-86a5-c38a8411956a,e1cc7d85-f1a9-45c1-b1ff-ea930d68f729,8,'215',PAIR,14,23,18,FINISHED,TRADITIONAL_GEARED,MEN
50ccc52b-ad0b-4493-86a5-c38a8411956a,0262418d-55a2-4025-86d6-f692c47bc1c4,8,'215',PAIR,14,23,18,FINISHED,TRADITIONAL_GEARED,MEN
50ccc52b-ad0b-4493-86a5-c38a8411956a,f4ee5265-159d-4652-9faf-5091ce6eb735,9,'231',PAIR,16,17,28,FINISHED,TRADITIONAL_GEARED,MEN
50ccc52b-ad0b-4493-86a5-c38a8411956a,287bc931-e383-4c45-a62c-e07042fb169b,9,'231',PAIR,16,17,28,FINISHED,TRADITIONAL_GEARED,MEN
50ccc52b-ad0b-4493-86a5-c38a8411956a,c4cdb503-9fdf-4e39-aea4-3ce4c45b6895,10,'134',PAIR,,,,SCRATCHED,TRADITIONAL_GEARED,MEN
50ccc52b-ad0b-4493-86a5-c38a8411956a,fb84c492-1853-4f83-865d-c2d7e6e2f535,10,'181',PAIR,,,,SCRATCHED,TRADITIONAL_GEARED,MEN
50ccc52b-ad0b-4493-86a5-c38a8411956a,6ab71fc2-1b1e-4c33-a5d2-542f0843f469,11,'219',PAIR,17,2,12,FINISHED,TRADITIONAL_GEARED,MEN
50ccc52b-ad0b-4493-86a5-c38a8411956a,fdbfa3b6-a122-4260-a445-425e1021b9ae,11,'219',PAIR,17,2,12,FINISHED,TRADITIONAL_GEARED,MEN
50ccc52b-ad0b-4493-86a5-c38a8411956a,4e3862b1-42a5-4e9d-83f0-5aea68fa304d,12,'217',PAIR,17,6,32,FINISHED,TRADITIONAL_GEARED,MEN
50ccc52b-ad0b-4493-86a5-c38a8411956a,1e88bb1f-5892-431d-b266-7b4f7b1b4448,12,'217',PAIR,17,6,32,FINISHED,TRADITIONAL_GEARED,MEN
50ccc52b-ad0b-4493-86a5-c38a8411956a,34395c81-8d79-433b-ad28-6d6d90768c09,13,'203',PAIR,17,22,45,FINISHED,TRADITIONAL_GEARED,MEN
50ccc52b-ad0b-4493-86a5-c38a8411956a,518c4846-58a3-48e9-a09b-e77bc573d6d3,13,'203',PAIR,17,22,45,FINISHED,TRADITIONAL_GEARED,MEN
50ccc52b-ad0b-4493-86a5-c38a8411956a,d9fc61ca-3ca2-4b19-ad1e-1bafc7c985d2,14,'213',PAIR,18,23,22,FINISHED,TRADITIONAL_GEARED,MEN
50ccc52b-ad0b-4493-86a5-c38a8411956a,3ef6bafd-2a79-4c8c-9dc8-0ea3700a48f1,14,'213',PAIR,18,23,22,FINISHED,TRADITIONAL_GEARED,WOMEN
50ccc52b-ad0b-4493-86a5-c38a8411956a,1bcf2277-79af-4366-b15c-a225a4bb11e9,15,'209',PAIR,24,0,26,FINISHED,TRADITIONAL_GEARED,MEN
50ccc52b-ad0b-4493-86a5-c38a8411956a,09b231b3-36c3-4afb-9923-a0116aa1df68,15,'209',PAIR,24,0,26,FINISHED,TRADITIONAL_GEARED,MEN
50ccc52b-ad0b-4493-86a5-c38a8411956a,2487bb9e-6b70-431a-8bcc-147b69b43aeb,16,'228',PAIR,27,18,24,FINISHED,TRADITIONAL_GEARED,MEN
50ccc52b-ad0b-4493-86a5-c38a8411956a,fd7fa465-ea4e-4352-9959-512e665f633f,16,'228',PAIR,27,18,24,FINISHED,TRADITIONAL_GEARED,MEN
b0b6c7f0-9733-42a1-9a5e-4ccd8a5b993c,47fb2da0-d047-4d3b-aa43-f997fb801240,1,'2',SOLO,9,23,54,FINISHED,TRADITIONAL_GEARED,MEN
b0b6c7f0-9733-42a1-9a5e-4ccd8a5b993c,da8076e1-28d5-4405-af6c-a9ea2a4c6176,2,'17',SOLO,11,7,30,FINISHED,TRADITIONAL_GEARED,MEN
b0b6c7f0-9733-42a1-9a5e-4ccd8a5b993c,459fca85-564f-432d-9d14-1dda611c5234,3,'124',SOLO,11,8,30,FINISHED,TRADITIONAL_GEARED,MEN
b0b6c7f0-9733-42a1-9a5e-4ccd8a5b993c,8616814f-02ae-4990-aeab-bfeeb2c8696c,4,'59',SOLO,11,10,47,FINISHED,TRADITIONAL_GEARED,MEN
b0b6c7f0-9733-42a1-9a5e-4ccd8a5b993c,7704d6fe-56c6-4f23-9acc-a27fc1792cde,5,'12',SOLO,11,18,36,FINISHED,TRADITIONAL_GEARED,MEN
b0b6c7f0-9733-42a1-9a5e-4ccd8a5b993c,e27427b4-3e4a-400f-b01a-77b9a683465e,6,'131',SOLO,12,2,18,FINISHED,TRADITIONAL_GEARED,MEN
b0b6c7f0-9733-42a1-9a5e-4ccd8a5b993c,6ae422c0-1622-4426-b6c0-15af4f4a3c13,7,'125',SOLO,12,2,44,FINISHED,TRADITIONAL_GEARED,MEN
b0b6c7f0-9733-42a1-9a5e-4ccd8a5b993c,544f4d5f-9c77-4733-add6-3968f6e7e6ff,8,'37',SOLO,12,10,32,FINISHED,TRADITIONAL_GEARED,MEN
b0b6c7f0-9733-42a1-9a5e-4ccd8a5b993c,8c615ec8-6605-4cc4-8134-5cc5edef3e03,9,'142',SOLO,12,23,56,FINISHED,TRADITIONAL_GEARED,MEN
b0b6c7f0-9733-42a1-9a5e-4ccd8a5b993c,25944eda-da21-48c0-bc53-1c6ad0aaf1bc,10,'64',SOLO,13,0,2,FINISHED,TRADITIONAL_GEARED,MEN
b0b6c7f0-9733-42a1-9a5e-4ccd8a5b993c,aeb0bc22-dbe4-45de-b655-07087156868f,11,'29',SOLO,13,3,33,FINISHED,TRADITIONAL_GEARED,MEN
b0b6c7f0-9733-42a1-9a5e-4ccd8a5b993c,3b22f067-b820-4e75-bcbd-dc8a0132b0dc,12,'152',SOLO,13,4,20,FINISHED,TRADITIONAL_GEARED,MEN
b0b6c7f0-9733-42a1-9a5e-4ccd8a5b993c,b604aee6-cbf8-4bdf-af3c-95d5a867aac8,13,'128',SOLO,13,2,43,FINISHED,TRADITIONAL_GEARED,MEN
b0b6c7f0-9733-42a1-9a5e-4ccd8a5b993c,93d026cd-2dc0-4088-b602-6d950efafc40,14,'111',SOLO,13,10,28,FINISHED,TRADITIONAL_GEARED,MEN
b0b6c7f0-9733-42a1-9a5e-4ccd8a5b993c,7a1fddc5-6d2b-43c4-b755-dd2f6da3e6b0,15,'11',SOLO,13,11,36,FINISHED,TRADITIONAL_GEARED,MEN
b0b6c7f0-9733-42a1-9a5e-4ccd8a5b993c,c0babb36-8530-4664-9a92-c6376004ea41,16,'10',SOLO,13,13,44,FINISHED,TRADITIONAL_GEARED,MEN
b0b6c7f0-9733-42a1-9a5e-4ccd8a5b993c,8dc8ba2d-2c94-4184-85e5-12a9297c4d49,17,'121',SOLO,13,19,18,FINISHED,TRADITIONAL_GEARED,MEN
b0b6c7f0-9733-42a1-9a5e-4ccd8a5b993c,79c52013-4049-4c86-a8c2-1a12779ee84d,18,'27',SOLO,13,21,36,FINISHED,TRADITIONAL_GEARED,MEN
b0b6c7f0-9733-42a1-9a5e-4ccd8a5b993c,ca8ecfca-0d1d-4194-acc7-c751bac48e3c,19,'89',SOLO,14,2,11,FINISHED,TRADITIONAL_GEARED,MEN
b0b6c7f0-9733-42a1-9a5e-4ccd8a5b993c,12214d09-3497-4a35-bf9d-44d4e92e64a3,20,'157',SOLO,14,0,59,FINISHED,TRADITIONAL_GEARED,MEN
b0b6c7f0-9733-42a1-9a5e-4ccd8a5b993c,5575d2ca-81eb-4473-a0fe-fcef776e10fa,21,'25',SOLO,14,7,0,FINISHED,TRADITIONAL_GEARED,MEN
b0b6c7f0-9733-42a1-9a5e-4ccd8a5b993c,02501f1c-d009-4a0f-a613-367c3ce53ec9,22,'56',SOLO,14,9,0,FINISHED,TRADITIONAL_GEARED,MEN
b0b6c7f0-9733-42a1-9a5e-4ccd8a5b993c,b57731ac-088b-4bb1-b063-06950a5d1477,23,'110',SOLO,14,9,45,FINISHED,TRADITIONAL_GEARED,MEN
b0b6c7f0-9733-42a1-9a5e-4ccd8a5b993c,26882633-3005-40cf-9edc-1a5e0a1ea26b,24,'115',SOLO,14,11,53,FINISHED,TRADITIONAL_GEARED,MEN
b0b6c7f0-9733-42a1-9a5e-4ccd8a5b993c,6bf4340b-ad60-430b-824c-42e823800a1a,25,'153',SOLO,14,13,13,FINISHED,TRADITIONAL_GEARED,MEN
b0b6c7f0-9733-42a1-9a5e-4ccd8a5b993c,dd23dba7-23aa-42dc-b9fb-3654df23176a,26,'4',SOLO,14,13,16,FINISHED,TRADITIONAL_GEARED,MEN
b0b6c7f0-9733-42a1-9a5e-4ccd8a5b993c,9eb4a706-9ee2-4e48-b781-a71206ae4033,27,'16',SOLO,14,14,28,FINISHED,TRADITIONAL_GEARED,MEN
b0b6c7f0-9733-42a1-9a5e-4ccd8a5b993c,2e3214b6-35c3-44dd-bcd6-d7f0ded8ee3f,28,'123',SOLO,14,15,37,FINISHED,TRADITIONAL_GEARED,MEN
b0b6c7f0-9733-42a1-9a5e-4ccd8a5b993c,07f4ae91-ea88-426f-9f68-bd923a190685,29,'32',SOLO,14,15,37,FINISHED,TRADITIONAL_GEARED,MEN
b0b6c7f0-9733-42a1-9a5e-4ccd8a5b993c,48b42c2e-312c-4b27-a0e6-7c69238b8353,30,'159',SOLO,14,19,40,FINISHED,TRADITIONAL_GEARED,MEN
b0b6c7f0-9733-42a1-9a5e-4ccd8a5b993c,3dddaca7-8c2b-46d2-93fc-7db286e0874f,31,'119',SOLO,15,3,0,FINISHED,TRADITIONAL_GEARED,MEN
b0b6c7f0-9733-42a1-9a5e-4ccd8a5b993c,d080f699-dcac-40d9-b5b5-a609b8f9a7be,32,'137',SOLO,15,7,45,FINISHED,TRADITIONAL_GEARED,MEN
b0b6c7f0-9733-42a1-9a5e-4ccd8a5b993c,0d451b95-63b0-4493-a168-f396cdeb3971,33,'114',SOLO,15,10,32,FINISHED,TRADITIONAL_GEARED,MEN
b0b6c7f0-9733-42a1-9a5e-4ccd8a5b993c,947849db-0d36-439c-baf4-496c28db00c6,34,'151',SOLO,15,14,35,FINISHED,TRADITIONAL_GEARED,MEN
b0b6c7f0-9733-42a1-9a5e-4ccd8a5b993c,26604a75-1a95-42b7-bc4b-3968414bb9be,35,'162',SOLO,15,16,11,FINISHED,TRADITIONAL_GEARED,MEN
b0b6c7f0-9733-42a1-9a5e-4ccd8a5b993c,a5fa1591-c217-4e39-aca0-94adb8fbf693,36,'49',SOLO,15,18,53,FINISHED,TRADITIONAL_GEARED,MEN
b0b6c7f0-9733-42a1-9a5e-4ccd8a5b993c,68f9b8b5-f1e7-4c71-a591-c9dd963c1157,37,'85',SOLO,15,19,30,FINISHED,TRADITIONAL_GEARED,MEN
b0b6c7f0-9733-42a1-9a5e-4ccd8a5b993c,dba54a1e-e310-4e2d-b3d6-1827eb11f93f,38,'160',SOLO,15,18,53,FINISHED,TRADITIONAL_GEARED,MEN
b0b6c7f0-9733-42a1-9a5e-4ccd8a5b993c,c97f9984-0a99-4df4-8e4c-8da8bb1393eb,39,'45',SOLO,15,19,8,FINISHED,TRADITIONAL_GEARED,MEN
b0b6c7f0-9733-42a1-9a5e-4ccd8a5b993c,eb0a6531-9f05-4931-bb53-5e124edcc1ff,40,'20',SOLO,15,20,25,FINISHED,TRADITIONAL_GEARED,MEN
b0b6c7f0-9733-42a1-9a5e-4ccd8a5b993c,510cef27-2a65-4a7f-92ad-656e489dee8b,41,'143',SOLO,15,21,8,FINISHED,TRADITIONAL_GEARED,MEN
b0b6c7f0-9733-42a1-9a5e-4ccd8a5b993c,16e7582a-38f5-4fb4-836f-acec75ef370d,42,'28',SOLO,15,21,53,FINISHED,TRADITIONAL_GEARED,MEN
b0b6c7f0-9733-42a1-9a5e-4ccd8a5b993c,40c8c017-726a-4781-a765-fe094b15d839,43,'138',SOLO,15,22,33,FINISHED,TRADITIONAL_GEARED,MEN
b0b6c7f0-9733-42a1-9a5e-4ccd8a5b993c,683cb6a1-4cd4-4f2b-9f9c-1855dc171643,44,'40',SOLO,15,22,23,FINISHED,TRADITIONAL_GEARED,MEN
b0b6c7f0-9733-42a1-9a5e-4ccd8a5b993c,a97e1592-5f19-4a23-b3c1-4df5db0907dc,45,'81',SOLO,15,22,24,FINISHED,TRADITIONAL_GEARED,MEN
b0b6c7f0-9733-42a1-9a5e-4ccd8a5b993c,34ab4f53-b7d3-4ddb-850c-9891cc92386c,46,'3',SOLO,15,22,30,FINISHED,TRADITIONAL_GEARED,MEN
b0b6c7f0-9733-42a1-9a5e-4ccd8a5b993c,14e86ade-29e8-48d0-8ecc-2595c5b97e6e,47,'101',SOLO,16,0,26,FINISHED,TRADITIONAL_GEARED,MEN
b0b6c7f0-9733-42a1-9a5e-4ccd8a5b993c,f2ef1c47-8a95-4aed-8c65-63772fc75bf0,48,'39',SOLO,15,22,33,FINISHED,TRADITIONAL_GEARED,MEN
b0b6c7f0-9733-42a1-9a5e-4ccd8a5b993c,27c7a7e1-4fc0-406b-a979-5c05739df4aa,49,'23',SOLO,16,1,50,FINISHED,TRADITIONAL_GEARED,MEN
b0b6c7f0-9733-42a1-9a5e-4ccd8a5b993c,abfd72d4-2876-4509-ac96-7ae49975a296,50,'52',SOLO,15,23,52,FINISHED,TRADITIONAL_GEARED,MEN
b0b6c7f0-9733-42a1-9a5e-4ccd8a5b993c,883bd559-8e8b-405b-abe6-1d848fb1d3a0,51,'163',SOLO,15,22,33,FINISHED,TRADITIONAL_GEARED,MEN
b0b6c7f0-9733-42a1-9a5e-4ccd8a5b993c,7c28f20e-6f48-4d00-a3b9-d06939ff9a0b,52,'117',SOLO,15,22,33,FINISHED,TRADITIONAL_GEARED,MEN
b0b6c7f0-9733-42a1-9a5e-4ccd8a5b993c,20fb35d6-84db-4af1-8663-5d43ceea335d,53,'38',SOLO,16,1,20,FINISHED,TRADITIONAL_GEARED,MEN
b0b6c7f0-9733-42a1-9a5e-4ccd8a5b993c,3b6b631e-844f-465e-8bd3-76f4813fba88,54,'46',SOLO,16,10,17,FINISHED,TRADITIONAL_GEARED,MEN
b0b6c7f0-9733-42a1-9a5e-4ccd8a5b993c,5e4cb09e-480b-46c2-8504-2110c176bcd7,55,'83',SOLO,16,11,13,FINISHED,TRADITIONAL_GEARED,MEN
b0b6c7f0-9733-42a1-9a5e-4ccd8a5b993c,9a6d588c-5038-49d5-802a-81ffd0975a38,56,'161',SOLO,16,17,9,FINISHED,TRADITIONAL_GEARED,MEN
b0b6c7f0-9733-42a1-9a5e-4ccd8a5b993c,20c6c47c-c746-4146-9bd5-1fdf39dba162,57,'58',SOLO,16,17,13,FINISHED,TRADITIONAL_GEARED,MEN
b0b6c7f0-9733-42a1-9a5e-4ccd8a5b993c,1545afbb-29aa-45c6-908c-e96665799b05,58,'147',SOLO,17,9,20,FINISHED,TRADITIONAL_GEARED,MEN
b0b6c7f0-9733-42a1-9a5e-4ccd8a5b993c,0e945437-21c4-45c6-bb9b-f696b2bf019f,59,'92',SOLO,17,11,20,FINISHED,TRADITIONAL_GEARED,MEN
b0b6c7f0-9733-42a1-9a5e-4ccd8a5b993c,dd9680b0-d1af-4339-9ef2-5170a9becf52,60,'62',SOLO,17,20,40,FINISHED,TRADITIONAL_GEARED,MEN
b0b6c7f0-9733-42a1-9a5e-4ccd8a5b993c,926d197b-7ae3-44c8-8967-ba854da67bf8,61,'79',SOLO,17,21,11,FINISHED,TRADITIONAL_GEARED,MEN
b0b6c7f0-9733-42a1-9a5e-4ccd8a5b993c,49148c7b-2879-43be-9da5-977e054518dd,62,'72',SOLO,17,16,12,FINISHED,TRADITIONAL_GEARED,MEN
b0b6c7f0-9733-42a1-9a5e-4ccd8a5b993c,53c428da-7753-4b4e-806a-fdffe3fbaf9d,63,'71',SOLO,17,19,40,FINISHED,TRADITIONAL_GEARED,MEN
b0b6c7f0-9733-42a1-9a5e-4ccd8a5b993c,85684592-bae7-44f2-acd8-ff33bd0b276e,64,'68',SOLO,18,3,1,FINISHED,TRADITIONAL_GEARED,MEN
b0b6c7f0-9733-42a1-9a5e-4ccd8a5b993c,a217cf89-226e-4b0b-9f14-9e3cceb7328d,65,'47',SOLO,18,13,31,FINISHED,TRADITIONAL_GEARED,MEN
b0b6c7f0-9733-42a1-9a5e-4ccd8a5b993c,49163fd5-5860-4b29-9f91-e1976fe726b3,66,'13',SOLO,19,1,38,FINISHED,TRADITIONAL_GEARED,MEN
b0b6c7f0-9733-42a1-9a5e-4ccd8a5b993c,f646adfe-9391-476e-967d-198fb78c3cab,67,'66',SOLO,19,18,21,FINISHED,TRADITIONAL_GEARED,WOMEN
b0b6c7f0-9733-42a1-9a5e-4ccd8a5b993c,928d0b43-d49c-48d0-a7da-fa0922c9f7a0,68,'136',SOLO,19,18,40,FINISHED,TRADITIONAL_GEARED,MEN
b0b6c7f0-9733-42a1-9a5e-4ccd8a5b993c,cfa2afd4-6ffb-4f18-bce9-6d9a0c6580a0,69,'141',SOLO,19,17,56,FINISHED,TRADITIONAL_GEARED,MEN
b0b6c7f0-9733-42a1-9a5e-4ccd8a5b993c,af44570c-4a13-4aa0-8946-3bad71da2e32,70,'65',SOLO,21,12,40,FINISHED,TRADITIONAL_GEARED,MEN
b0b6c7f0-9733-42a1-9a5e-4ccd8a5b993c,f2235c95-46ba-41cc-b59f-c3bf99046570,71,'158',SOLO,21,11,40,FINISHED,TRADITIONAL_GEARED,MEN
b0b6c7f0-9733-42a1-9a5e-4ccd8a5b993c,7480b8fd-cd92-4343-a877-d304e621831a,72,'134',SOLO,23,20,40,FINISHED,TRADITIONAL_GEARED,MEN
b0b6c7f0-9733-42a1-9a5e-4ccd8a5b993c,a42fa10a-5b70-4c1a-9be8-641630b9b201,73,'93',SOLO,24,15,50,FINISHED,TRADITIONAL_GEARED,MEN
b0b6c7f0-9733-42a1-9a5e-4ccd8a5b993c,267dc569-9d06-4d0f-997c-c2198f69a53c,74,'127',SOLO,26,20,15,FINISHED,TRADITIONAL_GEARED,MEN
b0b6c7f0-9733-42a1-9a5e-4ccd8a5b993c,7d73fb55-b0ad-408a-842f-faf91fda0640,75,'130',SOLO,34,1,22,FINISHED,TRADITIONAL_GEARED,MEN
b0b6c7f0-9733-42a1-9a5e-4ccd8a5b993c,460abba0-8eba-457d-9001-324d1583c7bc,76,'178',SOLO,16,12,5,FINISHED,TRADITIONAL_GEARED,WOMEN
b0b6c7f0-9733-42a1-9a5e-4ccd8a5b993c,edeb8a50-afd5-4e13-a200-5c68b878db12,1,'172',PAIR,13,22,58,FINISHED,TRADITIONAL_GEARED,MEN
b0b6c7f0-9733-42a1-9a5e-4ccd8a5b993c,2566ab51-36ec-41dc-85fb-07d77bc58cf0,1,'172',PAIR,13,22,58,FINISHED,TRADITIONAL_GEARED,MEN
b0b6c7f0-9733-42a1-9a5e-4ccd8a5b993c,aa97f436-7342-40d3-9a98-985c4a71c824,2,'50',PAIR,14,13,30,FINISHED,TRADITIONAL_GEARED,MEN
b0b6c7f0-9733-42a1-9a5e-4ccd8a5b993c,939c60d6-b5a7-49fe-aa0c-dda8347371a1,2,'98',PAIR,14,13,30,FINISHED,TRADITIONAL_GEARED,MEN
b0b6c7f0-9733-42a1-9a5e-4ccd8a5b993c,a137d1dd-79bc-458d-889d-90b97154af80,3,'171',PAIR,15,13,24,FINISHED,TRADITIONAL_GEARED,MEN
b0b6c7f0-9733-42a1-9a5e-4ccd8a5b993c,674b989b-d9cb-45fd-9854-226e2cc76507,3,'171',PAIR,15,13,24,FINISHED,TRADITIONAL_GEARED,MEN
b0b6c7f0-9733-42a1-9a5e-4ccd8a5b993c,35ed4389-1a82-4f52-ae9f-9544c5923b00,4,'33',PAIR,16,14,0,FINISHED,TRADITIONAL_GEARED,MEN
b0b6c7f0-9733-42a1-9a5e-4ccd8a5b993c,8a9f8e4c-ea09-4c5a-9488-f07d77c43a84,4,'91',PAIR,16,14,0,FINISHED,TRADITIONAL_GEARED,MEN
b0b6c7f0-9733-42a1-9a5e-4ccd8a5b993c,8e4f2626-c68c-49ad-ba46-8fa9fe85a1a9,5,'174',PAIR,16,20,15,FINISHED,TRADITIONAL_GEARED,MEN
b0b6c7f0-9733-42a1-9a5e-4ccd8a5b993c,ba1474fe-7b74-46db-9784-5778a2c77169,5,'174',PAIR,16,20,15,FINISHED,TRADITIONAL_GEARED,MEN
b0b6c7f0-9733-42a1-9a5e-4ccd8a5b993c,a3047bcc-bd0a-4d8d-8a50-4a2d5f343d62,1,'1',SOLO,7,23,0,FINISHED,TRADITIONAL_GEARED,MEN
b0b6c7f0-9733-42a1-9a5e-4ccd8a5b993c,980f75dc-7dd7-4acb-aad1-2fd918f4e39f,2,'90',SOLO,9,5,59,FINISHED,TRADITIONAL_GEARED,MEN
b0b6c7f0-9733-42a1-9a5e-4ccd8a5b993c,980f75dc-7dd7-4acb-aad1-2fd918f4e39f,3,'2',SOLO,9,15,34,FINISHED,TRADITIONAL_GEARED,MEN
b0b6c7f0-9733-42a1-9a5e-4ccd8a5b993c,aeab8a65-98c2-4a34-8e82-f75068283147,4,'89',SOLO,9,19,3,FINISHED,TRADITIONAL_GEARED,MEN
b0b6c7f0-9733-42a1-9a5e-4ccd8a5b993c,75e39f04-539b-4483-87cd-258c908f0e5d,5,'50',SOLO,10,9,17,FINISHED,TRADITIONAL_GEARED,MEN
b0b6c7f0-9733-42a1-9a5e-4ccd8a5b993c,596bf5a5-14b1-44a1-ba75-40248c87ecdb,6,'11',SOLO,10,12,18,FINISHED,TRADITIONAL_GEARED,MEN
b0b6c7f0-9733-42a1-9a5e-4ccd8a5b993c,a2dc7928-9a4a-4919-ba7d-94ae50b89ce1,7,'67',SOLO,11,7,28,FINISHED,TRADITIONAL_GEARED,MEN
b0b6c7f0-9733-42a1-9a5e-4ccd8a5b993c,ddc516e2-3161-4bef-8b16-7330daa9f6c2,8,'15',SOLO,11,16,9,FINISHED,TRADITIONAL_GEARED,MEN
b0b6c7f0-9733-42a1-9a5e-4ccd8a5b993c,9b4fc97a-1f91-47d8-9667-d37e6d8080ff,9,'31',SOLO,11,19,46,FINISHED,TRADITIONAL_GEARED,MEN
b0b6c7f0-9733-42a1-9a5e-4ccd8a5b993c,c0babb36-8530-4664-9a92-c6376004ea41,10,'14',SOLO,11,19,46,FINISHED,TRADITIONAL_GEARED,MEN
b0b6c7f0-9733-42a1-9a5e-4ccd8a5b993c,d66d8f1c-1334-4c67-b1d8-9e980435d106,11,'32',SOLO,11,23,5,FINISHED,TRADITIONAL_GEARED,MEN
b0b6c7f0-9733-42a1-9a5e-4ccd8a5b993c,7704d6fe-56c6-4f23-9acc-a27fc1792cde,12,'64',SOLO,11,23,46,FINISHED,TRADITIONAL_GEARED,MEN
b0b6c7f0-9733-42a1-9a5e-4ccd8a5b993c,5418f4f2-ee41-4dba-8629-a305c8cdbad7,13,'46',SOLO,12,2,9,FINISHED,TRADITIONAL_GEARED,MEN
b0b6c7f0-9733-42a1-9a5e-4ccd8a5b993c,1017c6f9-74ce-4ef0-a73a-48dc1b8dd0ae,14,'42',SOLO,12,2,55,FINISHED,TRADITIONAL_GEARED,MEN
b0b6c7f0-9733-42a1-9a5e-4ccd8a5b993c,507e542d-a3a3-4e8b-94f0-5c40b1eab35e,15,'10',SOLO,12,4,39,FINISHED,TRADITIONAL_GEARED,MEN
b0b6c7f0-9733-42a1-9a5e-4ccd8a5b993c,39301746-2e5c-4d71-8821-102505f8c147,16,'78',SOLO,12,4,44,FINISHED,TRADITIONAL_GEARED,WOMEN
b0b6c7f0-9733-42a1-9a5e-4ccd8a5b993c,cb772d74-0ef2-4f88-b6f4-f914f3843823,17,'45',SOLO,12,8,0,FINISHED,TRADITIONAL_GEARED,MEN
b0b6c7f0-9733-42a1-9a5e-4ccd8a5b993c,72cec297-b586-45d7-9b3a-207260c94d2d,18,'92',SOLO,12,11,5,FINISHED,TRADITIONAL_GEARED,MEN
b0b6c7f0-9733-42a1-9a5e-4ccd8a5b993c,2218185b-6989-4638-8112-92aca7b75774,19,'56',SOLO,12,11,5,FINISHED,TRADITIONAL_GEARED,MEN
b0b6c7f0-9733-42a1-9a5e-4ccd8a5b993c,870bea53-d02f-4b42-975e-fc9faf82221b,20,'55',SOLO,12,11,5,FINISHED,TRADITIONAL_GEARED,MEN
b0b6c7f0-9733-42a1-9a5e-4ccd8a5b993c,a49c3b5e-fcc2-4143-b28c-06f2a3787a8f,21,'21',SOLO,12,14,1,FINISHED,TRADITIONAL_GEARED,MEN
b0b6c7f0-9733-42a1-9a5e-4ccd8a5b993c,73e7b1c1-11ba-4186-8a0f-d5819587e211,22,'35',SOLO,12,16,45,FINISHED,TRADITIONAL_GEARED,MEN
b0b6c7f0-9733-42a1-9a5e-4ccd8a5b993c,817366da-2994-4dd3-8597-edb6ff938b88,23,'34',SOLO,12,16,45,FINISHED,TRADITIONAL_GEARED,MEN
b0b6c7f0-9733-42a1-9a5e-4ccd8a5b993c,303acb10-92ca-4380-8fa0-068c19e232ca,24,'36',SOLO,12,16,45,FINISHED,TRADITIONAL_GEARED,MEN
b0b6c7f0-9733-42a1-9a5e-4ccd8a5b993c,e91727e1-21a7-46b7-b94e-df07b313b6af,25,'3',SOLO,12,16,45,FINISHED,TRADITIONAL_GEARED,MEN
b0b6c7f0-9733-42a1-9a5e-4ccd8a5b993c,e2c0471f-b4d5-4f54-b8c3-d8ec5fb74f48,26,'41',SOLO,12,19,45,FINISHED,TRADITIONAL_GEARED,MEN
b0b6c7f0-9733-42a1-9a5e-4ccd8a5b993c,f1064fbc-4a71-44c8-8a9b-1bed78aaaf4d,27,'63',SOLO,12,20,20,FINISHED,TRADITIONAL_GEARED,MEN
b0b6c7f0-9733-42a1-9a5e-4ccd8a5b993c,473dee62-2f24-4d0c-b5a1-2ea3688e60d8,28,'71',SOLO,13,8,45,FINISHED,TRADITIONAL_GEARED,MEN
b0b6c7f0-9733-42a1-9a5e-4ccd8a5b993c,6147d010-9b27-461f-814f-2c1487196e75,29,'95',SOLO,13,10,22,FINISHED,TRADITIONAL_GEARED,MEN
b0b6c7f0-9733-42a1-9a5e-4ccd8a5b993c,8f750bc2-0dd6-44b4-bffd-26801914160b,30,'61',SOLO,13,10,25,FINISHED,TRADITIONAL_GEARED,MEN
b0b6c7f0-9733-42a1-9a5e-4ccd8a5b993c,637ee20e-fe50-4d34-aea2-6624a11a95a9,31,'62',SOLO,13,10,25,FINISHED,TRADITIONAL_GEARED,MEN
b0b6c7f0-9733-42a1-9a5e-4ccd8a5b993c,e40ba2b9-761c-4c6d-bb40-9de5fff31bab,32,'24',SOLO,13,12,2,FINISHED,TRADITIONAL_GEARED,MEN
b0b6c7f0-9733-42a1-9a5e-4ccd8a5b993c,793db088-cc04-47bb-8b44-bb01b2e1b18b,33,'19',SOLO,13,12,20,FINISHED,TRADITIONAL_GEARED,MEN
b0b6c7f0-9733-42a1-9a5e-4ccd8a5b993c,bb7e5ea5-25dd-4651-a9d7-f5738f418371,34,'6',SOLO,13,12,34,FINISHED,TRADITIONAL_GEARED,MEN
b0b6c7f0-9733-42a1-9a5e-4ccd8a5b993c,16a9d883-6175-4f4d-bed2-c44e487f510e,35,'46',SOLO,13,12,34,FINISHED,TRADITIONAL_GEARED,MEN
b0b6c7f0-9733-42a1-9a5e-4ccd8a5b993c,d82c910b-1690-48a9-9773-dc3d13447e8f,36,'101',SOLO,13,12,34,FINISHED,TRADITIONAL_GEARED,MEN
b0b6c7f0-9733-42a1-9a5e-4ccd8a5b993c,5575d2ca-81eb-4473-a0fe-fcef776e10fa,37,'5',SOLO,13,13,18,FINISHED,TRADITIONAL_GEARED,MEN
b0b6c7f0-9733-42a1-9a5e-4ccd8a5b993c,d3c44ed2-50c2-43c0-bdf5-ed0355084f87,38,'20',SOLO,13,13,25,FINISHED,TRADITIONAL_GEARED,MEN
b0b6c7f0-9733-42a1-9a5e-4ccd8a5b993c,8623559a-a682-4c5e-9c8c-1e77bb6d2716,39,'77',SOLO,13,13,44,FINISHED,TRADITIONAL_GEARED,MEN
b0b6c7f0-9733-42a1-9a5e-4ccd8a5b993c,d65cc11d-005a-4dd1-8613-c001345c3f18,40,'68',SOLO,13,16,10,FINISHED,TRADITIONAL_GEARED,MEN
b0b6c7f0-9733-42a1-9a5e-4ccd8a5b993c,388b7dac-0cc0-44b5-ac64-5f8d2274cdd1,41,'88',SOLO,13,16,10,FINISHED,TRADITIONAL_GEARED,MEN
b0b6c7f0-9733-42a1-9a5e-4ccd8a5b993c,0ff4fa5a-4d8f-4092-97e9-6721a5fd8ee4,42,'80',SOLO,13,16,16,FINISHED,TRADITIONAL_GEARED,MEN
b0b6c7f0-9733-42a1-9a5e-4ccd8a5b993c,aeb0bc22-dbe4-45de-b655-07087156868f,43,'29',SOLO,13,17,39,FINISHED,TRADITIONAL_GEARED,MEN
b0b6c7f0-9733-42a1-9a5e-4ccd8a5b993c,544f4d5f-9c77-4733-add6-3968f6e7e6ff,44,'37',SOLO,13,17,39,FINISHED,TRADITIONAL_GEARED,MEN
b0b6c7f0-9733-42a1-9a5e-4ccd8a5b993c,9eb4a706-9ee2-4e48-b781-a71206ae4033,45,'16',SOLO,13,18,5,FINISHED,TRADITIONAL_GEARED,MEN
b0b6c7f0-9733-42a1-9a5e-4ccd8a5b993c,dd23dba7-23aa-42dc-b9fb-3654df23176a,46,'4',SOLO,13,22,42,FINISHED,TRADITIONAL_GEARED,MEN
b0b6c7f0-9733-42a1-9a5e-4ccd8a5b993c,27539cc5-f684-413c-b8f5-bec49672995b,47,'87',SOLO,14,8,18,FINISHED,TRADITIONAL_GEARED,MEN
b0b6c7f0-9733-42a1-9a5e-4ccd8a5b993c,c2048a5e-a580-4a6e-8bfa-f271da0d166f,48,'7',SOLO,14,9,40,FINISHED,TRADITIONAL_GEARED,MEN
b0b6c7f0-9733-42a1-9a5e-4ccd8a5b993c,fd7fa465-ea4e-4352-9959-512e665f633f,49,'28',SOLO,15,4,23,FINISHED,TRADITIONAL_GEARED,MEN
b0b6c7f0-9733-42a1-9a5e-4ccd8a5b993c,53f771b8-d8d7-46c6-8cca-241310c3f2dc,50,'81',SOLO,15,4,23,FINISHED,TRADITIONAL_GEARED,MEN
b0b6c7f0-9733-42a1-9a5e-4ccd8a5b993c,6ccca25c-c4a5-47e4-b078-6bfc394e2da6,51,'49',SOLO,15,6,55,FINISHED,TRADITIONAL_GEARED,MEN
b0b6c7f0-9733-42a1-9a5e-4ccd8a5b993c,0686c505-f3d8-4250-a5b7-68179e534ed2,52,'30',SOLO,15,7,57,FINISHED,TRADITIONAL_GEARED,MEN
b0b6c7f0-9733-42a1-9a5e-4ccd8a5b993c,1f96ab72-281f-4ae5-b295-060652325bd5,53,'93',SOLO,15,9,45,FINISHED,TRADITIONAL_GEARED,MEN
b0b6c7f0-9733-42a1-9a5e-4ccd8a5b993c,83471b1c-4321-48e3-b7fd-14485dcf38eb,54,'47',SOLO,15,10,27,FINISHED,TRADITIONAL_GEARED,MEN
b0b6c7f0-9733-42a1-9a5e-4ccd8a5b993c,60a85ddd-2883-4024-90ef-4574421c9a0e,55,'13',SOLO,15,13,50,FINISHED,TRADITIONAL_GEARED,MEN
b0b6c7f0-9733-42a1-9a5e-4ccd8a5b993c,2df51b89-0c5a-4b4b-86d2-9f3ba9aa8534,56,'22',SOLO,15,17,20,FINISHED,TRADITIONAL_GEARED,MEN
b0b6c7f0-9733-42a1-9a5e-4ccd8a5b993c,cca67cd2-478d-422d-9378-a6377f3382db,57,'23',SOLO,15,17,20,FINISHED,TRADITIONAL_GEARED,WOMEN
b0b6c7f0-9733-42a1-9a5e-4ccd8a5b993c,63f2b7b0-0cf1-4cbe-9eb6-382f9eccadd8,58,'75',SOLO,16,2,30,FINISHED,TRADITIONAL_GEARED,MEN
b0b6c7f0-9733-42a1-9a5e-4ccd8a5b993c,f4ee5265-159d-4652-9faf-5091ce6eb735,59,'66',SOLO,17,3,11,FINISHED,TRADITIONAL_GEARED,MEN
b0b6c7f0-9733-42a1-9a5e-4ccd8a5b993c,2fde1024-3585-49db-8001-9ab54e9621fc,60,'57',SOLO,17,3,11,FINISHED,TRADITIONAL_GEARED,MEN
b0b6c7f0-9733-42a1-9a5e-4ccd8a5b993c,4b046b4c-b7ea-4040-b2e1-17b7b96ab58d,61,'65',SOLO,17,8,0,FINISHED,TRADITIONAL_GEARED,MEN
b0b6c7f0-9733-42a1-9a5e-4ccd8a5b993c,fca6fbf7-e86a-44bb-993e-5f1cd9e8e6a0,62,'58',SOLO,19,5,0,FINISHED,TRADITIONAL_GEARED,WOMEN
b0b6c7f0-9733-42a1-9a5e-4ccd8a5b993c,f1a641eb-eb96-4bfc-984c-41f141ad8b26,63,'43',SOLO,20,16,0,FINISHED,TRADITIONAL_GEARED,MEN
b0b6c7f0-9733-42a1-9a5e-4ccd8a5b993c,2487bb9e-6b70-431a-8bcc-147b69b43aeb,64,'18',SOLO,22,15,12,FINISHED,TRADITIONAL_GEARED,MEN
51057c60-ef64-4f7f-942a-0b0f5e5894df,a3047bcc-bd0a-4d8d-8a50-4a2d5f343d62,1,'',SOLO,7,13,45,FINISHED,TRADITIONAL_GEARED,MEN
51057c60-ef64-4f7f-942a-0b0f5e5894df,980f75dc-7dd7-4acb-aad1-2fd918f4e39f,2,'',SOLO,8,15,50,FINISHED,TRADITIONAL_GEARED,MEN
51057c60-ef64-4f7f-942a-0b0f5e5894df,67ed8b5c-98ec-4002-9620-f445439e95b1,3,'',SOLO,9,9,37,FINISHED,TRADITIONAL_GEARED,MEN
51057c60-ef64-4f7f-942a-0b0f5e5894df,aa74f062-288c-41bc-9c17-78370ab5469d,4,'',SOLO,9,16,21,FINISHED,TRADITIONAL_GEARED,MEN
51057c60-ef64-4f7f-942a-0b0f5e5894df,092f6760-3ed5-4216-8ffe-579a519527d2,5,'',SOLO,10,6,24,FINISHED,TRADITIONAL_GEARED,MEN
51057c60-ef64-4f7f-942a-0b0f5e5894df,318aecf8-4b71-4760-9374-75a4cdd41d5c,6,'',SOLO,11,7,21,FINISHED,TRADITIONAL_GEARED,MEN
51057c60-ef64-4f7f-942a-0b0f5e5894df,55477310-0d0e-4169-9dab-1fe0415349f9,7,'',SOLO,11,12,40,FINISHED,TRADITIONAL_GEARED,MEN
51057c60-ef64-4f7f-942a-0b0f5e5894df,bd61a6b3-d197-47ed-9684-12c8fce2660f,8,'',SOLO,11,22,31,FINISHED,TRADITIONAL_GEARED,MEN
51057c60-ef64-4f7f-942a-0b0f5e5894df,24e1dd2a-0a5b-4ec5-9733-8b389abe8502,9,'',SOLO,12,2,52,FINISHED,TRADITIONAL_GEARED,WOMEN
51057c60-ef64-4f7f-942a-0b0f5e5894df,e5bf6700-39d3-44da-8e23-0148c859c037,10,'',SOLO,12,23,52,FINISHED,TRADITIONAL_GEARED,MEN
51057c60-ef64-4f7f-942a-0b0f5e5894df,dd23dba7-23aa-42dc-b9fb-3654df23176a,11,'',SOLO,13,5,7,FINISHED,TRADITIONAL_GEARED,MEN
51057c60-ef64-4f7f-942a-0b0f5e5894df,0259b2aa-4d51-4a9f-9da9-21433fc96a50,12,'',SOLO,13,8,1,FINISHED,TRADITIONAL_GEARED,MEN
51057c60-ef64-4f7f-942a-0b0f5e5894df,3eda3582-9e1b-44bc-89fb-a949ff146004,13,'',SOLO,13,9,49,FINISHED,TRADITIONAL_GEARED,MEN
51057c60-ef64-4f7f-942a-0b0f5e5894df,f14ba879-6305-4ba9-9d3d-c3724802972b,14,'',SOLO,13,19,23,FINISHED,TRADITIONAL_GEARED,MEN
51057c60-ef64-4f7f-942a-0b0f5e5894df,5eed6d73-2591-4b5d-b1aa-ae9c98693700,15,'',SOLO,14,3,50,FINISHED,TRADITIONAL_GEARED,MEN
51057c60-ef64-4f7f-942a-0b0f5e5894df,15024be6-f806-4239-ba89-1e6c74ca875c,16,'',SOLO,14,6,30,FINISHED,TRADITIONAL_GEARED,MEN
51057c60-ef64-4f7f-942a-0b0f5e5894df,4646d031-9c5d-41be-8167-13397db78a10,17,'',SOLO,14,7,10,FINISHED,TRADITIONAL_GEARED,MEN
51057c60-ef64-4f7f-942a-0b0f5e5894df,c23bf91a-a0dc-47f8-be59-c9c733f987f3,18,'',SOLO,14,7,10,FINISHED,TRADITIONAL_GEARED,MEN
51057c60-ef64-4f7f-942a-0b0f5e5894df,a9461a79-225d-4b9c-afd0-fcb3c28f8657,19,'',SOLO,14,8,5,FINISHED,TRADITIONAL_GEARED,MEN
51057c60-ef64-4f7f-942a-0b0f5e5894df,996304f0-d7a2-49ce-b04e-61daef1ee0a9,20,'',SOLO,14,14,6,FINISHED,TRADITIONAL_GEARED,MEN
51057c60-ef64-4f7f-942a-0b0f5e5894df,b7a4ee1c-626f-48e6-a634-eda8d4f61643,21,'',SOLO,17,8,40,FINISHED,TRADITIONAL_GEARED,MEN
c05f10fd-b78b-42bc-91ad-801a584bf265,3a7b8d10-22aa-49af-b7e4-49a41882a02a,1,'1',SOLO,8,23,59,FINISHED,TRADITIONAL_GEARED,MEN
c05f10fd-b78b-42bc-91ad-801a584bf265,469d6c20-c68e-4416-bf4c-37cf8798fe6e,2,'5',SOLO,9,23,42,FINISHED,TRADITIONAL_GEARED,MEN
c05f10fd-b78b-42bc-91ad-801a584bf265,bb182b0b-a64b-45b9-afdc-849a34349d83,3,'2',SOLO,10,0,36,FINISHED,TRADITIONAL_GEARED,MEN
c05f10fd-b78b-42bc-91ad-801a584bf265,968cc01a-31fe-4ba0-9142-31c82df1280f,4,'186',SOLO,10,1,46,FINISHED,TRADITIONAL_GEARED,MEN
c05f10fd-b78b-42bc-91ad-801a584bf265,12c0d28a-5784-41b4-a6ca-3b093be4a6bd,5,'98',SOLO,10,8,45,FINISHED,TRADITIONAL_GEARED,MEN
c05f10fd-b78b-42bc-91ad-801a584bf265,a6bc523d-da53-4978-9f4d-937829abe513,6,'158',SOLO,10,9,8,FINISHED,TRADITIONAL_GEARED,MEN
c05f10fd-b78b-42bc-91ad-801a584bf265,9f106078-1dd2-4ecc-8b04-75b358a480ee,7,'143',SOLO,10,12,40,FINISHED,TRADITIONAL_GEARED,MEN
c05f10fd-b78b-42bc-91ad-801a584bf265,8ec84949-0c92-45de-bd25-5a7f648a79a3,8,'157',SOLO,10,21,10,FINISHED,TRADITIONAL_GEARED,MEN
c05f10fd-b78b-42bc-91ad-801a584bf265,b031dd3e-7663-4db2-9443-926d14e0725e,9,'212',SOLO,11,1,8,FINISHED,TRADITIONAL_GEARED,MEN
c05f10fd-b78b-42bc-91ad-801a584bf265,adca769a-b57a-4f60-bb57-2173bdb7572f,10,'195',SOLO,11,2,5,FINISHED,TRADITIONAL_GEARED,MEN
c05f10fd-b78b-42bc-91ad-801a584bf265,9f8ed636-6c91-4d1a-acd6-91760d795171,11,'146',SOLO,11,2,20,FINISHED,TRADITIONAL_GEARED,MEN
c05f10fd-b78b-42bc-91ad-801a584bf265,da8076e1-28d5-4405-af6c-a9ea2a4c6176,12,'148',SOLO,11,2,37,FINISHED,TRADITIONAL_GEARED,MEN
c05f10fd-b78b-42bc-91ad-801a584bf265,31416126-7de5-4e18-b752-c81127f85860,13,'214',SOLO,11,3,50,FINISHED,TRADITIONAL_GEARED,MEN
c05f10fd-b78b-42bc-91ad-801a584bf265,e7d0a7e0-5f0b-45f7-90f9-9a79735692dd,14,'68',SOLO,11,13,0,FINISHED,TRADITIONAL_GEARED,MEN
c05f10fd-b78b-42bc-91ad-801a584bf265,3b22f067-b820-4e75-bcbd-dc8a0132b0dc,15,'12',SOLO,11,13,56,FINISHED,TRADITIONAL_GEARED,MEN
c05f10fd-b78b-42bc-91ad-801a584bf265,a118b28a-8481-46ae-a206-0418cad1df96,16,'216',SOLO,11,16,33,FINISHED,TRADITIONAL_GEARED,MEN
c05f10fd-b78b-42bc-91ad-801a584bf265,6d5e722e-b690-4807-8a7a-a42070fc0516,17,'42',SOLO,12,2,25,FINISHED,TRADITIONAL_GEARED,MEN
c05f10fd-b78b-42bc-91ad-801a584bf265,dc1c6725-fead-43dc-a758-989433b54513,18,'167',SOLO,12,4,51,FINISHED,TRADITIONAL_GEARED,MEN
c05f10fd-b78b-42bc-91ad-801a584bf265,b64ce181-9ca7-4931-9117-d2df0e9d9bf2,19,'114',SOLO,12,5,8,FINISHED,TRADITIONAL_GEARED,MEN
c05f10fd-b78b-42bc-91ad-801a584bf265,ebcf9734-37d1-4e99-a90b-ffffa5d0398b,20,'18',SOLO,12,5,56,FINISHED,TRADITIONAL_GEARED,MEN
c05f10fd-b78b-42bc-91ad-801a584bf265,14225d0f-5d9f-43ff-91aa-241285df06c3,21,'210',SOLO,12,9,58,FINISHED,TRADITIONAL_GEARED,MEN
c05f10fd-b78b-42bc-91ad-801a584bf265,0fbfe712-e9aa-48f9-8c4a-759c7e97f78a,22,'176',SOLO,12,14,0,FINISHED,TRADITIONAL_GEARED,MEN
c05f10fd-b78b-42bc-91ad-801a584bf265,27f3477c-9825-4787-8f99-62e225783f48,23,'162',SOLO,12,14,20,FINISHED,TRADITIONAL_GEARED,MEN
c05f10fd-b78b-42bc-91ad-801a584bf265,daca56ee-7fb5-4366-8c12-b581fc82ae2e,24,'103',SOLO,12,15,42,FINISHED,TRADITIONAL_GEARED,MEN
c05f10fd-b78b-42bc-91ad-801a584bf265,bee34138-6cd5-426c-b661-b8e8112af581,25,'104',SOLO,12,17,55,FINISHED,TRADITIONAL_GEARED,MEN
c05f10fd-b78b-42bc-91ad-801a584bf265,64598347-ef04-44bd-ae80-2e8191833665,26,'72',SOLO,12,17,31,FINISHED,TRADITIONAL_GEARED,MEN
c05f10fd-b78b-42bc-91ad-801a584bf265,d33c2509-3233-44d7-8d4d-917a06ce4cc5,27,'142',SOLO,12,18,35,FINISHED,TRADITIONAL_GEARED,MEN
c05f10fd-b78b-42bc-91ad-801a584bf265,5fa4cb74-a02c-4115-94af-e7aba682ef85,28,'150',SOLO,12,20,10,FINISHED,TRADITIONAL_GEARED,MEN
c05f10fd-b78b-42bc-91ad-801a584bf265,c0f928c7-0b62-438a-8226-edf2afbb1997,29,'145',SOLO,12,20,28,FINISHED,TRADITIONAL_GEARED,MEN
c05f10fd-b78b-42bc-91ad-801a584bf265,0f46ef1d-8c03-4f66-9a1a-696f0cd0f940,30,'159',SOLO,12,20,51,FINISHED,TRADITIONAL_GEARED,MEN
c05f10fd-b78b-42bc-91ad-801a584bf265,244a600e-53c9-4ac9-8d5c-7fbdd2bfd6cb,31,'62',SOLO,12,21,9,FINISHED,TRADITIONAL_GEARED,MEN
c05f10fd-b78b-42bc-91ad-801a584bf265,1b825113-d1d8-43bc-8d54-13f80af30fb2,32,'211',SOLO,12,21,14,FINISHED,TRADITIONAL_GEARED,MEN
c05f10fd-b78b-42bc-91ad-801a584bf265,48d32216-d46e-47c2-9224-aa6a2cf6068b,33,'20',SOLO,13,1,12,FINISHED,TRADITIONAL_GEARED,MEN
c05f10fd-b78b-42bc-91ad-801a584bf265,161270fd-6768-41b2-8403-5b15aa50e770,34,'67',SOLO,13,2,46,FINISHED,TRADITIONAL_GEARED,MEN
c05f10fd-b78b-42bc-91ad-801a584bf265,0c16542e-90c4-4489-a1f6-c6930ababda8,35,'61',SOLO,13,9,28,FINISHED,TRADITIONAL_GEARED,MEN
c05f10fd-b78b-42bc-91ad-801a584bf265,ea263a19-5535-4867-9b6f-e0b7bc231ec0,36,'130',SOLO,13,9,47,FINISHED,TRADITIONAL_GEARED,MEN
c05f10fd-b78b-42bc-91ad-801a584bf265,4618faa1-ee50-4750-b9f4-08b5184d10eb,37,'161',SOLO,13,10,15,FINISHED,TRADITIONAL_GEARED,MEN
c05f10fd-b78b-42bc-91ad-801a584bf265,2bef3c84-331c-46a2-848b-2d02bf81e63a,38,'229',SOLO,13,11,23,FINISHED,TRADITIONAL_GEARED,MEN
c05f10fd-b78b-42bc-91ad-801a584bf265,096126a9-c24f-47ad-8a69-125d78328a18,39,'92',SOLO,13,11,40,FINISHED,TRADITIONAL_GEARED,MEN
c05f10fd-b78b-42bc-91ad-801a584bf265,07f4ae91-ea88-426f-9f68-bd923a190685,40,'32',SOLO,13,14,55,FINISHED,TRADITIONAL_GEARED,MEN
c05f10fd-b78b-42bc-91ad-801a584bf265,dcf3f2f3-c0da-4102-b916-7d025a14f4aa,41,'59',SOLO,13,15,23,FINISHED,TRADITIONAL_GEARED,MEN
c05f10fd-b78b-42bc-91ad-801a584bf265,bd5ff839-08fa-4826-86fa-acb402a82563,42,'179',SOLO,13,19,32,FINISHED,TRADITIONAL_GEARED,WOMEN
c05f10fd-b78b-42bc-91ad-801a584bf265,ec16972a-ae8a-4cd9-b143-e21e3512edc3,43,'105',SOLO,13,20,0,FINISHED,TRADITIONAL_GEARED,MEN
c05f10fd-b78b-42bc-91ad-801a584bf265,be3777af-02f3-4452-8a27-644ecb23fd4c,44,'129',SOLO,13,20,21,FINISHED,TRADITIONAL_GEARED,MEN
c05f10fd-b78b-42bc-91ad-801a584bf265,76b3152b-a140-4eb1-b0e4-d5b93d76d56b,45,'77',SOLO,13,20,49,FINISHED,TRADITIONAL_GEARED,MEN
c05f10fd-b78b-42bc-91ad-801a584bf265,7be54cf9-8696-4475-bb00-e8df2c9ca57b,46,'39',SOLO,13,22,8,FINISHED,TRADITIONAL_GEARED,MEN
c05f10fd-b78b-42bc-91ad-801a584bf265,52406575-9648-493b-a953-62cb23e0f5cf,47,'84',SOLO,13,22,10,FINISHED,TRADITIONAL_GEARED,MEN
c05f10fd-b78b-42bc-91ad-801a584bf265,791b96eb-29bd-4bc9-a943-0e140cb4f641,48,'135',SOLO,13,22,30,FINISHED,TRADITIONAL_GEARED,MEN
c05f10fd-b78b-42bc-91ad-801a584bf265,a600f87d-a4ac-4e53-8c08-0a5ab8ea0747,49,'6',SOLO,13,22,45,FINISHED,TRADITIONAL_GEARED,WOMEN
c05f10fd-b78b-42bc-91ad-801a584bf265,26e9f965-6b2e-40fb-bad5-29c9627b031c,50,'110',SOLO,14,2,17,FINISHED,TRADITIONAL_GEARED,MEN
c05f10fd-b78b-42bc-91ad-801a584bf265,3616aa0a-f205-45d7-9dae-62a5c568dee1,51,'17',SOLO,14,2,57,FINISHED,TRADITIONAL_GEARED,MEN
c05f10fd-b78b-42bc-91ad-801a584bf265,7b5b449b-64da-4ca3-b0fe-077b7f1959c1,52,'85',SOLO,14,4,16,FINISHED,TRADITIONAL_GEARED,MEN
c05f10fd-b78b-42bc-91ad-801a584bf265,00a329ea-cb89-4b7d-a612-d1c1fa3b5e6b,53,'99',SOLO,14,4,39,FINISHED,TRADITIONAL_GEARED,MEN
c05f10fd-b78b-42bc-91ad-801a584bf265,dfcad341-0cae-41a5-9cee-9070c54361f2,54,'30',SOLO,14,6,25,FINISHED,TRADITIONAL_GEARED,MEN
c05f10fd-b78b-42bc-91ad-801a584bf265,9da8eb7f-e6ac-4811-ab8f-7bc3691d18e5,1,'259a',PAIR,14,8,23,FINISHED,TRADITIONAL_GEARED,MEN
c05f10fd-b78b-42bc-91ad-801a584bf265,6f4c58d8-f6d4-4ce3-a450-436bad23dd7d,1,'259b',PAIR,14,8,23,FINISHED,TRADITIONAL_GEARED,MEN
c05f10fd-b78b-42bc-91ad-801a584bf265,9d61e611-3910-4f03-a4cb-5309759c4ef8,55,'21',SOLO,14,9,0,FINISHED,TRADITIONAL_GEARED,WOMEN
c05f10fd-b78b-42bc-91ad-801a584bf265,d0fdabb9-a7d2-45cd-b506-0f50a4875932,2,'256a',PAIR,14,9,25,FINISHED,TRADITIONAL_GEARED,MEN
c05f10fd-b78b-42bc-91ad-801a584bf265,4638906b-f3c2-41e7-aa93-b3a90b56cb8d,2,'256b',PAIR,14,9,25,FINISHED,TRADITIONAL_GEARED,MEN
c05f10fd-b78b-42bc-91ad-801a584bf265,4264f333-7af2-44f7-aed3-971614d450b9,56,'194',SOLO,14,11,20,FINISHED,TRADITIONAL_GEARED,MEN
c05f10fd-b78b-42bc-91ad-801a584bf265,818b841d-057c-4da8-b4f1-dcf42b39dfc2,57,'147',SOLO,14,12,34,FINISHED,TRADITIONAL_GEARED,MEN
c05f10fd-b78b-42bc-91ad-801a584bf265,64d4d266-9a0e-4733-99d4-f61d732af432,58,'80',SOLO,14,13,2,FINISHED,TRADITIONAL_GEARED,MEN
c05f10fd-b78b-42bc-91ad-801a584bf265,fd380180-46a2-4014-bb6e-bac053040bc9,59,'165',SOLO,14,18,21,FINISHED,TRADITIONAL_GEARED,MEN
c05f10fd-b78b-42bc-91ad-801a584bf265,50ed1200-2822-413d-b2dd-f579184e31d3,60,'36',SOLO,14,19,52,FINISHED,TRADITIONAL_GEARED,MEN
c05f10fd-b78b-42bc-91ad-801a584bf265,8623559a-a682-4c5e-9c8c-1e77bb6d2716,61,'219',SOLO,14,20,19,FINISHED,TRADITIONAL_GEARED,MEN
c05f10fd-b78b-42bc-91ad-801a584bf265,dbc319f6-23cc-4ffb-8538-8679519e0e8f,62,'41',SOLO,14,20,30,FINISHED,TRADITIONAL_GEARED,MEN
c05f10fd-b78b-42bc-91ad-801a584bf265,0bdeed3f-0299-4ec6-aec6-f741f3717459,3,'251a',PAIR,14,20,47,FINISHED,TRADITIONAL_GEARED,MEN
c05f10fd-b78b-42bc-91ad-801a584bf265,09f4c8b4-98cb-4d38-8170-11efa5dc8529,3,'251b',PAIR,14,20,47,FINISHED,TRADITIONAL_GEARED,WOMEN
c05f10fd-b78b-42bc-91ad-801a584bf265,9b028b80-7fd5-48dc-9076-9f3c7abfcd04,63,'3',SOLO,14,21,57,FINISHED,TRADITIONAL_GEARED,MEN
c05f10fd-b78b-42bc-91ad-801a584bf265,560cdf94-a43f-4fb6-940e-e4c696524ec5,64,'63',SOLO,14,22,21,FINISHED,TRADITIONAL_GEARED,WOMEN
c05f10fd-b78b-42bc-91ad-801a584bf265,12351e3c-cddc-4106-8fb4-3151d65e205e,65,'218',SOLO,14,23,0,FINISHED,TRADITIONAL_GEARED,MEN
c05f10fd-b78b-42bc-91ad-801a584bf265,d88cb49c-b3b6-4b0b-ada4-7dd8c31ecbde,4,'255a',PAIR,15,0,28,FINISHED,TRADITIONAL_GEARED,WOMEN
c05f10fd-b78b-42bc-91ad-801a584bf265,07ed6caa-ec75-4a3d-a02a-fdda4bc53062,4,'255b',PAIR,15,0,28,FINISHED,TRADITIONAL_GEARED,WOMEN
c05f10fd-b78b-42bc-91ad-801a584bf265,c180f143-d7b3-4f1c-9439-586963762663,66,'74',SOLO,15,0,49,FINISHED,TRADITIONAL_GEARED,MEN
c05f10fd-b78b-42bc-91ad-801a584bf265,bd71c394-22b3-456b-ab10-74e7db2b12f8,67,'111',SOLO,15,1,10,FINISHED,TRADITIONAL_GEARED,MEN
c05f10fd-b78b-42bc-91ad-801a584bf265,d992f303-bd9b-4131-8886-275b6b95863c,5,'245a',PAIR,15,1,47,FINISHED,TRADITIONAL_GEARED,MEN
c05f10fd-b78b-42bc-91ad-801a584bf265,4358ff18-480b-4ab8-a7dc-10c8bdcd24f3,5,'245b',PAIR,15,1,47,FINISHED,TRADITIONAL_GEARED,MEN
c05f10fd-b78b-42bc-91ad-801a584bf265,dd23dba7-23aa-42dc-b9fb-3654df23176a,68,'4',SOLO,15,2,9,FINISHED,TRADITIONAL_GEARED,MEN
c05f10fd-b78b-42bc-91ad-801a584bf265,947849db-0d36-439c-baf4-496c28db00c6,69,'151',SOLO,15,2,38,FINISHED,TRADITIONAL_GEARED,MEN
c05f10fd-b78b-42bc-91ad-801a584bf265,41f09bb4-70d1-4645-a4bc-b8e86df6f8a1,70,'89',SOLO,15,2,58,FINISHED,TRADITIONAL_GEARED,MEN
c05f10fd-b78b-42bc-91ad-801a584bf265,bccae634-4062-4024-b403-9951611980e2,71,'230',SOLO,15,6,48,FINISHED,TRADITIONAL_GEARED,MEN
c05f10fd-b78b-42bc-91ad-801a584bf265,b11716a8-6599-4f2b-9240-317a4131d1f6,72,'141',SOLO,15,8,55,FINISHED,TRADITIONAL_GEARED,MEN
c05f10fd-b78b-42bc-91ad-801a584bf265,de82b12e-5242-4145-a6a5-c7ed63bc3bc7,73,'90',SOLO,15,11,10,FINISHED,TRADITIONAL_GEARED,MEN
c05f10fd-b78b-42bc-91ad-801a584bf265,c004d286-dfe0-450b-8ecd-6c097c237db2,74,'96',SOLO,15,11,55,FINISHED,TRADITIONAL_GEARED,MEN
c05f10fd-b78b-42bc-91ad-801a584bf265,648e7f1e-e1de-4090-a18a-eb2d4b080f2e,75,'28',SOLO,15,12,57,FINISHED,TRADITIONAL_GEARED,MEN
c05f10fd-b78b-42bc-91ad-801a584bf265,852890bd-330e-4395-abf3-7d24decd21e7,76,'169',SOLO,15,14,5,FINISHED,TRADITIONAL_GEARED,MEN
c05f10fd-b78b-42bc-91ad-801a584bf265,cafb2c96-5d7a-43c1-9ec1-9f28405dbb73,6,'252a',PAIR,15,14,32,FINISHED,TRADITIONAL_GEARED,MEN
c05f10fd-b78b-42bc-91ad-801a584bf265,3ae1d488-7729-4b4f-b7a1-9135c625a7ab,6,'252b',PAIR,15,14,32,FINISHED,TRADITIONAL_GEARED,MEN
c05f10fd-b78b-42bc-91ad-801a584bf265,19c35186-00e9-4dc5-9c83-9dfca01602c6,78,'87',SOLO,15,16,11,FINISHED,TRADITIONAL_GEARED,MEN
c05f10fd-b78b-42bc-91ad-801a584bf265,35b161d1-3fa3-4062-b04a-1c9dc83253fc,79,'132',SOLO,15,17,56,FINISHED,TRADITIONAL_GEARED,MEN
c05f10fd-b78b-42bc-91ad-801a584bf265,2f52ce98-1e54-4e50-b761-0f0e6d23dff0,80,'54',SOLO,15,20,29,FINISHED,TRADITIONAL_GEARED,MEN
c05f10fd-b78b-42bc-91ad-801a584bf265,a217cf89-226e-4b0b-9f14-9e3cceb7328d,81,'47',SOLO,15,21,20,FINISHED,TRADITIONAL_GEARED,MEN
c05f10fd-b78b-42bc-91ad-801a584bf265,e441cd9e-99c0-40b0-b260-3a3ce795648f,82,'58',SOLO,15,21,30,FINISHED,TRADITIONAL_GEARED,MEN
c05f10fd-b78b-42bc-91ad-801a584bf265,ad634c3f-c0c8-4d82-b285-ff10d3245887,83,'187',SOLO,15,21,34,FINISHED,TRADITIONAL_GEARED,MEN
c05f10fd-b78b-42bc-91ad-801a584bf265,c328f158-6310-4219-9206-55e5d737402e,84,'209',SOLO,15,21,35,FINISHED,TRADITIONAL_GEARED,MEN
c05f10fd-b78b-42bc-91ad-801a584bf265,dc167475-695d-41fb-b929-2772db9ee5ad,85,'64',SOLO,15,23,13,FINISHED,TRADITIONAL_GEARED,MEN
c05f10fd-b78b-42bc-91ad-801a584bf265,858e300a-08af-4b40-8951-0a656a30fa0d,86,'136',SOLO,15,23,47,FINISHED,TRADITIONAL_GEARED,MEN
c05f10fd-b78b-42bc-91ad-801a584bf265,870a1504-4a28-4937-997a-19a9b19521c6,87,'155',SOLO,15,23,48,FINISHED,TRADITIONAL_GEARED,MEN
c05f10fd-b78b-42bc-91ad-801a584bf265,eb61089b-5017-4193-b264-bb1fd39cbb78,7,'258a',PAIR,16,0,5,FINISHED,TRADITIONAL_GEARED,MEN
c05f10fd-b78b-42bc-91ad-801a584bf265,09b231b3-36c3-4afb-9923-a0116aa1df68,7,'258b',PAIR,16,0,5,FINISHED,TRADITIONAL_GEARED,MEN
c05f10fd-b78b-42bc-91ad-801a584bf265,980b5466-872a-49c6-83fc-ac246ea60808,88,'88',SOLO,16,1,26,FINISHED,TRADITIONAL_GEARED,MEN
c05f10fd-b78b-42bc-91ad-801a584bf265,5dbde9d8-cf8d-4a73-b724-f95e20dd9756,89,'7',SOLO,16,1,54,FINISHED,TRADITIONAL_GEARED,MEN
c05f10fd-b78b-42bc-91ad-801a584bf265,f32df7fa-cd58-4783-8c15-15e4cce0879d,90,'138',SOLO,16,1,38,FINISHED,TRADITIONAL_GEARED,MEN
c05f10fd-b78b-42bc-91ad-801a584bf265,6f23bcdf-db3c-4e6a-8ccd-04b745503324,8,'254a',PAIR,16,2,24,FINISHED,TRADITIONAL_GEARED,MEN
c05f10fd-b78b-42bc-91ad-801a584bf265,e5e18fe2-0937-442d-aead-a282b764d7eb,8,'254b',PAIR,16,2,24,FINISHED,TRADITIONAL_GEARED,MEN
c05f10fd-b78b-42bc-91ad-801a584bf265,ab1f9ffb-3d11-4fe7-a1ad-a204d70dd153,91,'192',SOLO,16,3,10,FINISHED,TRADITIONAL_GEARED,MEN
c05f10fd-b78b-42bc-91ad-801a584bf265,4021eb29-edd7-429f-bfa1-b660941254ce,9,'250a',PAIR,16,4,26,FINISHED,TRADITIONAL_GEARED,MEN
c05f10fd-b78b-42bc-91ad-801a584bf265,5f73c638-325e-4c3b-bf51-d1cd4c4b5942,9,'250b',PAIR,16,4,26,FINISHED,TRADITIONAL_GEARED,MEN
c05f10fd-b78b-42bc-91ad-801a584bf265,6fe9f4f8-7b12-4a43-97c2-039a64d336f8,92,'78',SOLO,16,4,36,FINISHED,TRADITIONAL_GEARED,MEN
c05f10fd-b78b-42bc-91ad-801a584bf265,26444c7c-7377-4293-895b-7faf5a29bf4e,93,'108',SOLO,16,6,6,FINISHED,TRADITIONAL_GEARED,MEN
c05f10fd-b78b-42bc-91ad-801a584bf265,8922784f-27c2-4c6a-8238-c95c5f851f7a,94,'207',SOLO,16,7,26,FINISHED,TRADITIONAL_GEARED,MEN
c05f10fd-b78b-42bc-91ad-801a584bf265,c3d084a6-ea2c-4a81-a082-744b15554e77,95,'134',SOLO,16,8,43,FINISHED,TRADITIONAL_GEARED,MEN
c05f10fd-b78b-42bc-91ad-801a584bf265,5537f154-e8bc-41a0-9f4f-55b62368d08f,96,'22',SOLO,16,16,28,FINISHED,TRADITIONAL_GEARED,MEN
c05f10fd-b78b-42bc-91ad-801a584bf265,e33b3de4-18b2-490f-9a8b-24f3dfd460a3,97,'203',SOLO,16,18,43,FINISHED,TRADITIONAL_GEARED,MEN
c05f10fd-b78b-42bc-91ad-801a584bf265,848aa391-30c4-4c21-afa5-dc14ad654c26,98,'149',SOLO,16,18,56,FINISHED,TRADITIONAL_GEARED,MEN
c05f10fd-b78b-42bc-91ad-801a584bf265,a5d1a095-75c1-4b6f-acf6-cef769e1bd70,99,'173',SOLO,16,20,5,FINISHED,TRADITIONAL_GEARED,MEN
c05f10fd-b78b-42bc-91ad-801a584bf265,88016ed6-2910-46b0-a8b6-77aaafd8bef0,100,'188',SOLO,16,20,5,FINISHED,TRADITIONAL_GEARED,MEN
c05f10fd-b78b-42bc-91ad-801a584bf265,56c920b1-9ff3-4342-a94c-cd887f579277,101,'224',SOLO,16,20,46,FINISHED,TRADITIONAL_GEARED,WOMEN
c05f10fd-b78b-42bc-91ad-801a584bf265,86403b83-7054-41b9-ab2b-a4f8f84cda03,102,'49',SOLO,16,21,30,FINISHED,TRADITIONAL_GEARED,MEN
c05f10fd-b78b-42bc-91ad-801a584bf265,fcd807b4-489b-4047-8d28-341b28fe1d5f,103,'153',SOLO,16,22,7,FINISHED,TRADITIONAL_GEARED,MEN
c05f10fd-b78b-42bc-91ad-801a584bf265,2d5e7ddc-cbcf-4c52-8007-53211422d166,104,'76',SOLO,16,22,43,FINISHED,TRADITIONAL_GEARED,MEN
c05f10fd-b78b-42bc-91ad-801a584bf265,975a855a-23b3-4f84-af39-bee0d58da626,105,'106',SOLO,16,23,29,FINISHED,TRADITIONAL_GEARED,MEN
c05f10fd-b78b-42bc-91ad-801a584bf265,a99c82b3-0d35-463d-8643-cf18f881c81f,106,'213',SOLO,17,0,53,FINISHED,TRADITIONAL_GEARED,MEN
c05f10fd-b78b-42bc-91ad-801a584bf265,b4e599d4-7a04-4d85-993d-7116ad241a25,,'9',SOLO,,,,FINISHED_OVER_TIME_LIMIT,TRADITIONAL_GEARED,MEN
c05f10fd-b78b-42bc-91ad-801a584bf265,46285dc8-15e1-4ca5-94d6-8e7d093a64f4,,'10',SOLO,,,,FINISHED_OVER_TIME_LIMIT,TRADITIONAL_GEARED,MEN
c05f10fd-b78b-42bc-91ad-801a584bf265,c9ee2bda-47cf-45c5-8723-bccb39c8d2cc,,'33',SOLO,,,,FINISHED_OVER_TIME_LIMIT,TRADITIONAL_GEARED,MEN
c05f10fd-b78b-42bc-91ad-801a584bf265,6cd486f7-f23c-4301-998c-0b47ef1c8e06,,'40',SOLO,,,,FINISHED_OVER_TIME_LIMIT,TRADITIONAL_GEARED,MEN
c05f10fd-b78b-42bc-91ad-801a584bf265,d6e00cc4-7b70-47e4-8621-ae95889fc0dd,,'44',SOLO,,,,FINISHED_OVER_TIME_LIMIT,TRADITIONAL_GEARED,MEN
c05f10fd-b78b-42bc-91ad-801a584bf265,4d640482-e249-4016-a714-2594e27ee7a1,,'48',SOLO,,,,FINISHED_OVER_TIME_LIMIT,TRADITIONAL_GEARED,MEN
c05f10fd-b78b-42bc-91ad-801a584bf265,59763231-8bb8-415c-a5b0-9dcdd6e6012f,,'53',SOLO,,,,FINISHED_OVER_TIME_LIMIT,TRADITIONAL_GEARED,WOMEN
c05f10fd-b78b-42bc-91ad-801a584bf265,a40e736e-e198-43ca-a2e7-fc866bf96c44,,'56',SOLO,,,,FINISHED_OVER_TIME_LIMIT,TRADITIONAL_GEARED,MEN
c05f10fd-b78b-42bc-91ad-801a584bf265,ac1a374f-cc95-430e-960b-703447494a30,,'69',SOLO,,,,FINISHED_OVER_TIME_LIMIT,TRADITIONAL_GEARED,MEN
c05f10fd-b78b-42bc-91ad-801a584bf265,1dc75376-d455-4869-8548-cdad091c0fb6,,'81',SOLO,,,,FINISHED_OVER_TIME_LIMIT,TRADITIONAL_GEARED,MEN
c05f10fd-b78b-42bc-91ad-801a584bf265,d25774c3-4b21-4420-bf5f-02a883e10884,,'83',SOLO,,,,FINISHED_OVER_TIME_LIMIT,TRADITIONAL_GEARED,MEN
c05f10fd-b78b-42bc-91ad-801a584bf265,0bbbe187-5759-4a27-bf55-2fe6c9d9d50f,,'86',SOLO,,,,FINISHED_OVER_TIME_LIMIT,TRADITIONAL_GEARED,MEN
c05f10fd-b78b-42bc-91ad-801a584bf265,7286e5a5-0dd5-4f55-99fc-8ae7f8f62c0f,,'91',SOLO,,,,FINISHED_OVER_TIME_LIMIT,TRADITIONAL_GEARED,WOMEN
c05f10fd-b78b-42bc-91ad-801a584bf265,6b49041b-9302-44b1-9344-7587979b8b4f,,'95',SOLO,,,,FINISHED_OVER_TIME_LIMIT,TRADITIONAL_GEARED,MEN
c05f10fd-b78b-42bc-91ad-801a584bf265,7108d03f-a393-433b-a48f-7576fd10d3bd,,'97',SOLO,,,,FINISHED_OVER_TIME_LIMIT,TRADITIONAL_GEARED,WOMEN
c05f10fd-b78b-42bc-91ad-801a584bf265,fb2ce1fd-4078-4f0d-9478-654dfee41860,,'109',SOLO,,,,FINISHED_OVER_TIME_LIMIT,TRADITIONAL_GEARED,MEN
c05f10fd-b78b-42bc-91ad-801a584bf265,1625c24d-c4a3-455a-b659-6f3a7e05e21a,,'117',SOLO,,,,FINISHED_OVER_TIME_LIMIT,TRADITIONAL_GEARED,MEN
c05f10fd-b78b-42bc-91ad-801a584bf265,7e1db336-2157-4a72-acf2-230e882aac2b,,'123',SOLO,,,,FINISHED_OVER_TIME_LIMIT,TRADITIONAL_GEARED,MEN
c05f10fd-b78b-42bc-91ad-801a584bf265,7edbd469-f382-4142-a4a2-6326ade895a6,,'127',SOLO,,,,FINISHED_OVER_TIME_LIMIT,TRADITIONAL_GEARED,WOMEN
c05f10fd-b78b-42bc-91ad-801a584bf265,7005a785-c7d7-4596-b7a1-c9f0b525df1f,,'131',SOLO,,,,FINISHED_OVER_TIME_LIMIT,TRADITIONAL_GEARED,MEN
c05f10fd-b78b-42bc-91ad-801a584bf265,e717c27b-2938-4acd-81fb-ca7ef74010e0,,'144',SOLO,,,,FINISHED_OVER_TIME_LIMIT,TRADITIONAL_GEARED,MEN
c05f10fd-b78b-42bc-91ad-801a584bf265,711b2cb9-8732-42c7-a711-35b98f3e1426,,'163',SOLO,,,,FINISHED_OVER_TIME_LIMIT,TRADITIONAL_GEARED,MEN
c05f10fd-b78b-42bc-91ad-801a584bf265,d069f140-49e0-43ab-9549-469339ac4d8f,,'164',SOLO,,,,FINISHED_OVER_TIME_LIMIT,TRADITIONAL_GEARED,MEN
c05f10fd-b78b-42bc-91ad-801a584bf265,3b799d41-c02d-4953-8863-7d20eb3106fd,,'166',SOLO,,,,FINISHED_OVER_TIME_LIMIT,TRADITIONAL_GEARED,MEN
c05f10fd-b78b-42bc-91ad-801a584bf265,4c0efc78-7cae-4878-be1b-14e58b8970f7,,'171',SOLO,,,,FINISHED_OVER_TIME_LIMIT,TRADITIONAL_GEARED,MEN
c05f10fd-b78b-42bc-91ad-801a584bf265,f02b4954-7a0e-4c94-a260-dde387e43e76,,'175',SOLO,,,,FINISHED_OVER_TIME_LIMIT,TRADITIONAL_GEARED,MEN
c05f10fd-b78b-42bc-91ad-801a584bf265,806a7246-ab40-4f6b-8200-ad4f19131a71,,'181',SOLO,,,,FINISHED_OVER_TIME_LIMIT,TRADITIONAL_GEARED,MEN
c05f10fd-b78b-42bc-91ad-801a584bf265,481623e9-df5d-4944-8a39-3f90ae7f834a,,'184',SOLO,,,,FINISHED_OVER_TIME_LIMIT,TRADITIONAL_GEARED,MEN
c05f10fd-b78b-42bc-91ad-801a584bf265,04f7ba11-72ee-48e7-8458-32dcfef47ba1,,'190',SOLO,,,,FINISHED_OVER_TIME_LIMIT,TRADITIONAL_GEARED,MEN
c05f10fd-b78b-42bc-91ad-801a584bf265,fcc0e2f8-f256-436c-867b-cc7a0913ef67,,'204',SOLO,,,,FINISHED_OVER_TIME_LIMIT,TRADITIONAL_GEARED,MEN
c05f10fd-b78b-42bc-91ad-801a584bf265,9abf4c2e-8df2-46a7-83df-ba14b7e71a06,,'253a',PAIR,,,,FINISHED_OVER_TIME_LIMIT,TRADITIONAL_GEARED,MEN
c05f10fd-b78b-42bc-91ad-801a584bf265,c2468ced-52b5-42c7-8a84-03f4e6f76362,,'253b',PAIR,,,,FINISHED_OVER_TIME_LIMIT,TRADITIONAL_GEARED,MEN
c05f10fd-b78b-42bc-91ad-801a584bf265,670765e3-f78d-49b4-99b4-f35c24b79982,,'55',SOLO,,,,SCRATCHED,TRADITIONAL_GEARED,MEN
c05f10fd-b78b-42bc-91ad-801a584bf265,d5aff713-dbc5-428f-9bf0-6b581710a9ed,,'94',SOLO,,,,SCRATCHED,TRADITIONAL_GEARED,MEN
c05f10fd-b78b-42bc-91ad-801a584bf265,414bad1c-e4f8-4965-97a4-94dcaa2f5066,,'46',SOLO,,,,SCRATCHED,TRADITIONAL_GEARED,MEN
c05f10fd-b78b-42bc-91ad-801a584bf265,6b49041b-9302-44b1-9344-7587979b8b4f,,'95',SOLO,,,,SCRATCHED,TRADITIONAL_GEARED,MEN
c05f10fd-b78b-42bc-91ad-801a584bf265,21b2f798-a9c7-43a8-96af-e1a6e6251b1c,,'154',SOLO,,,,SCRATCHED,TRADITIONAL_GEARED,MEN
c05f10fd-b78b-42bc-91ad-801a584bf265,8dbde060-fbdb-434d-a6cc-d493226701e0,,'177',SOLO,,,,SCRATCHED,TRADITIONAL_GEARED,MEN
c05f10fd-b78b-42bc-91ad-801a584bf265,4c59c623-24cd-4e21-a04f-7bf9225e3127,,'31',SOLO,,,,SCRATCHED,TRADITIONAL_GEARED,MEN
c05f10fd-b78b-42bc-91ad-801a584bf265,caef67c8-bf02-4b76-8dc8-f93b0fa0c880,,'174',SOLO,,,,SCRATCHED,TRADITIONAL_GEARED,MEN
c05f10fd-b78b-42bc-91ad-801a584bf265,59b261de-7f2a-46ce-b2c4-0d36e4cb4912,,'60',SOLO,,,,SCRATCHED,TRADITIONAL_GEARED,MEN
c05f10fd-b78b-42bc-91ad-801a584bf265,10a08390-08c9-4814-9bf9-50d3fe59fb7b,,'15',SOLO,,,,SCRATCHED,TRADITIONAL_GEARED,MEN
c05f10fd-b78b-42bc-91ad-801a584bf265,75c5ce05-b3f9-49a4-83a4-2ec6852ce737,,'180',SOLO,,,,SCRATCHED,TRADITIONAL_GEARED,MEN
c05f10fd-b78b-42bc-91ad-801a584bf265,497a69bd-c550-4a24-9dca-4d484fd0aadc,,'222',SOLO,,,,SCRATCHED,TRADITIONAL_GEARED,MEN
c05f10fd-b78b-42bc-91ad-801a584bf265,3c282b7e-e4c9-464a-ab38-7d6275d3b13d,,'50',SOLO,,,,SCRATCHED,TRADITIONAL_GEARED,MEN
c05f10fd-b78b-42bc-91ad-801a584bf265,9c92d0e2-7266-44ee-a403-375a0be1c579,,'133',SOLO,,,,SCRATCHED,TRADITIONAL_GEARED,MEN
c05f10fd-b78b-42bc-91ad-801a584bf265,6e1783d7-0b26-45af-98dc-9d66831cf778,,'93',SOLO,,,,SCRATCHED,TRADITIONAL_GEARED,MEN
c05f10fd-b78b-42bc-91ad-801a584bf265,9afb4cff-547f-4ed0-9664-634f800bb674,,'25',SOLO,,,,SCRATCHED,TRADITIONAL_GEARED,MEN
c05f10fd-b78b-42bc-91ad-801a584bf265,6524afaa-8ae6-4b78-bdca-79c745b18f92,,'19',SOLO,,,,SCRATCHED,TRADITIONAL_GEARED,MEN
c05f10fd-b78b-42bc-91ad-801a584bf265,c4608cf6-6172-425b-a3f0-1500f341a15e,,'27',SOLO,,,,SCRATCHED,TRADITIONAL_GEARED,MEN
c05f10fd-b78b-42bc-91ad-801a584bf265,b8014eea-9f3d-487e-86db-d01b9eab0099,,'119',SOLO,,,,SCRATCHED,TRADITIONAL_GEARED,MEN
c05f10fd-b78b-42bc-91ad-801a584bf265,c5366b34-eade-4b19-80ac-72a54644c2d0,,'14',SOLO,,,,SCRATCHED,TRADITIONAL_GEARED,MEN
c05f10fd-b78b-42bc-91ad-801a584bf265,3a9c6a8f-344b-425d-811e-df67d6d7cf79,,'231',SOLO,,,,SCRATCHED,TRADITIONAL_GEARED,MEN
c05f10fd-b78b-42bc-91ad-801a584bf265,2bf595e4-6b9c-4f0c-afe4-65fde3b671af,,'221',SOLO,,,,SCRATCHED,TRADITIONAL_GEARED,MEN
c05f10fd-b78b-42bc-91ad-801a584bf265,dcfbd90c-647f-459e-862c-3d07561962c4,,'52',SOLO,,,,SCRATCHED,TRADITIONAL_GEARED,MEN
c05f10fd-b78b-42bc-91ad-801a584bf265,0dc84f0e-6e09-4e88-8dbf-8f14f6757abe,,'191',SOLO,,,,SCRATCHED,TRADITIONAL_GEARED,MEN
c05f10fd-b78b-42bc-91ad-801a584bf265,2357eb1c-f7c8-4855-9638-50b7038dccb8,,'246a',PAIR,,,,SCRATCHED,TRADITIONAL_GEARED,MEN
c05f10fd-b78b-42bc-91ad-801a584bf265,abcd0338-4f19-4db7-be74-c5be3b27f848,,'246b',PAIR,,,,SCRATCHED,TRADITIONAL_GEARED,WOMEN
c05f10fd-b78b-42bc-91ad-801a584bf265,b0666be7-4c0c-4675-8bb9-d98f28cd79e2,,'102',SOLO,,,,SCRATCHED,TRADITIONAL_GEARED,MEN
c05f10fd-b78b-42bc-91ad-801a584bf265,eaa4c22f-ea9f-4f2f-ac42-f5de5e287474,,'82',SOLO,,,,SCRATCHED,TRADITIONAL_GEARED,MEN
c05f10fd-b78b-42bc-91ad-801a584bf265,44610ce6-d18a-4093-8bb3-9767d97766a4,,'43',SOLO,,,,SCRATCHED,TRADITIONAL_GEARED,MEN
c05f10fd-b78b-42bc-91ad-801a584bf265,7e2c25de-1b2d-4d6f-aa11-a8a6f54f3416,,'26',SOLO,,,,SCRATCHED,TRADITIONAL_GEARED,MEN
c05f10fd-b78b-42bc-91ad-801a584bf265,de2081ec-f1e8-474c-907c-06a131785042,,'23',SOLO,,,,SCRATCHED,TRADITIONAL_GEARED,MEN
c05f10fd-b78b-42bc-91ad-801a584bf265,dfdc19b8-1f71-406a-b40b-42eb9674f7a2,,'201',SOLO,,,,SCRATCHED,TRADITIONAL_GEARED,MEN
c05f10fd-b78b-42bc-91ad-801a584bf265,044b8086-2f87-469d-b4d2-e253c638cd67,,'8',SOLO,,,,SCRATCHED,TRADITIONAL_GEARED,MEN
c05f10fd-b78b-42bc-91ad-801a584bf265,ed97ae26-0cb0-4fd0-a982-5080f0e06b51,,'182',SOLO,,,,SCRATCHED,TRADITIONAL_GEARED,MEN
c05f10fd-b78b-42bc-91ad-801a584bf265,1dd0e57a-6be2-47c1-b552-b7770d17eabc,,'249b',PAIR,,,,SCRATCHED,TRADITIONAL_GEARED,MEN
c05f10fd-b78b-42bc-91ad-801a584bf265,0ef933dd-4910-42b2-a4a7-1676425b0d5f,,'126',SOLO,,,,SCRATCHED,TRADITIONAL_GEARED,MEN
c05f10fd-b78b-42bc-91ad-801a584bf265,250903d4-8cae-4b19-9e43-a6ce67a16bf9,,'208',SOLO,,,,SCRATCHED,TRADITIONAL_GEARED,MEN
c05f10fd-b78b-42bc-91ad-801a584bf265,efa2aa57-7583-4eb4-873d-a1e3f2c16836,,'185',SOLO,,,,SCRATCHED,TRADITIONAL_GEARED,MEN
c05f10fd-b78b-42bc-91ad-801a584bf265,c618859f-5353-4351-9db4-dd0d7a9252d6,,'249a',PAIR,,,,SCRATCHED,TRADITIONAL_GEARED,MEN
c05f10fd-b78b-42bc-91ad-801a584bf265,b6736e88-976f-4792-bce4-d6154cd25cbf,,'220',SOLO,,,,SCRATCHED,TRADITIONAL_GEARED,MEN
c05f10fd-b78b-42bc-91ad-801a584bf265,8dac9ae5-21de-4e98-9afe-79c465b622a7,,'199',SOLO,,,,SCRATCHED,TRADITIONAL_GEARED,MEN
c05f10fd-b78b-42bc-91ad-801a584bf265,8987823e-c029-49e7-a682-3b6e9785e28c,,'223',SOLO,,,,SCRATCHED,TRADITIONAL_GEARED,MEN
c05f10fd-b78b-42bc-91ad-801a584bf265,9baafedc-2dfc-4705-b9fc-bc66db634d1c,,'118',SOLO,,,,SCRATCHED,TRADITIONAL_GEARED,MEN
c05f10fd-b78b-42bc-91ad-801a584bf265,7173647b-f8cc-4e10-b7cc-6ca9d9ef2c19,,'215',SOLO,,,,SCRATCHED,TRADITIONAL_GEARED,MEN
c05f10fd-b78b-42bc-91ad-801a584bf265,27ba8543-85fc-4bbc-b4ce-be5e02aa338d,,'120',SOLO,,,,SCRATCHED,TRADITIONAL_GEARED,MEN
c05f10fd-b78b-42bc-91ad-801a584bf265,4da47246-4b61-42ec-8cf7-cac1f44e9f6d,,'170',SOLO,,,,SCRATCHED,TRADITIONAL_GEARED,MEN
c05f10fd-b78b-42bc-91ad-801a584bf265,c4fffa5c-7528-4072-b98f-af6eea84e05b,,'124',SOLO,,,,SCRATCHED,TRADITIONAL_GEARED,MEN
c05f10fd-b78b-42bc-91ad-801a584bf265,134984fd-e95c-4c51-ae19-71f6151109ca,,'115',SOLO,,,,SCRATCHED,TRADITIONAL_GEARED,MEN
c05f10fd-b78b-42bc-91ad-801a584bf265,fcaf9a77-47e7-4809-a8bc-d7e3eff3b24d,,'57',SOLO,,,,SCRATCHED,TRADITIONAL_GEARED,MEN
c05f10fd-b78b-42bc-91ad-801a584bf265,c1609d76-fa1d-4242-a19c-1c22c70fd89a,,'200',SOLO,,,,SCRATCHED,TRADITIONAL_GEARED,MEN
c05f10fd-b78b-42bc-91ad-801a584bf265,a612dcc0-a23e-4f33-be3a-d54917decb4c,,'228',SOLO,,,,SCRATCHED,TRADITIONAL_GEARED,MEN
c05f10fd-b78b-42bc-91ad-801a584bf265,c8e2fc7e-5a8b-4ded-a19b-a7744a0ed344,,'121',SOLO,,,,SCRATCHED,TRADITIONAL_GEARED,MEN
c05f10fd-b78b-42bc-91ad-801a584bf265,69b21e83-fd88-4b39-b3a6-2d9513bb5145,,'37',SOLO,,,,SCRATCHED,TRADITIONAL_GEARED,MEN
c05f10fd-b78b-42bc-91ad-801a584bf265,f047bc68-b929-486f-8f7f-0c3ebda34d00,,'100',SOLO,,,,SCRATCHED,TRADITIONAL_GEARED,MEN
c05f10fd-b78b-42bc-91ad-801a584bf265,def19b0d-cf6b-4d5d-9c4e-a5d688f8b822,,'183',SOLO,,,,SCRATCHED,TRADITIONAL_GEARED,MEN
c05f10fd-b78b-42bc-91ad-801a584bf265,1843f8ec-8be3-46aa-acc9-a9b5a64ca123,,'196',SOLO,,,,SCRATCHED,TRADITIONAL_GEARED,MEN
c05f10fd-b78b-42bc-91ad-801a584bf265,cb5d836b-b3ba-4664-8ec9-e25a289f09bf,,'71',SOLO,,,,SCRATCHED,TRADITIONAL_GEARED,MEN
c05f10fd-b78b-42bc-91ad-801a584bf265,959c305e-2755-45df-89d0-440d2d468e64,,'34',SOLO,,,,SCRATCHED,TRADITIONAL_GEARED,MEN
c05f10fd-b78b-42bc-91ad-801a584bf265,0c7c5071-efd9-4c6d-ace2-1058ba0035f8,,'125',SOLO,,,,SCRATCHED,TRADITIONAL_GEARED,MEN
c05f10fd-b78b-42bc-91ad-801a584bf265,fa5333c4-6cb2-4e45-a3bc-bb6d9a58c540,,'139',SOLO,,,,SCRATCHED,TRADITIONAL_GEARED,MEN
c05f10fd-b78b-42bc-91ad-801a584bf265,d5265e66-7f78-4844-8738-1b238ceb65e5,,'35',SOLO,,,,SCRATCHED,TRADITIONAL_GEARED,MEN
c05f10fd-b78b-42bc-91ad-801a584bf265,7bb6183b-c092-456b-b063-1636ce9f2f88,,'257a',SOLO,,,,SCRATCHED,TRADITIONAL_GEARED,MEN
c05f10fd-b78b-42bc-91ad-801a584bf265,2f58988f-ad1d-4549-b8c7-c87c07bc4c3a,,'257b',SOLO,,,,SCRATCHED,TRADITIONAL_GEARED,MEN
c05f10fd-b78b-42bc-91ad-801a584bf265,ba111730-c889-4c88-94f2-202e70f97359,,'11',SOLO,,,,SCRATCHED,TRADITIONAL_GEARED,MEN
c05f10fd-b78b-42bc-91ad-801a584bf265,fed9c5e5-865e-4839-93e0-5fc168291557,,'51',SOLO,,,,SCRATCHED,TRADITIONAL_GEARED,MEN
c05f10fd-b78b-42bc-91ad-801a584bf265,6aced796-1971-45ae-90a0-87704a6d230c,,'225',SOLO,,,,SCRATCHED,TRADITIONAL_GEARED,MEN
c05f10fd-b78b-42bc-91ad-801a584bf265,50fbdb4a-053a-40ec-8126-7c60e94d51c5,,'45',SOLO,,,,SCRATCHED,TRADITIONAL_GEARED,MEN
c05f10fd-b78b-42bc-91ad-801a584bf265,5603a72e-8930-4b96-90db-417f86e466b9,,'101',SOLO,,,,SCRATCHED,TRADITIONAL_GEARED,MEN
c05f10fd-b78b-42bc-91ad-801a584bf265,96a5a1ee-2d0d-4680-b694-784355d489db,,'205',SOLO,,,,SCRATCHED,TRADITIONAL_GEARED,MEN
c05f10fd-b78b-42bc-91ad-801a584bf265,48ec3566-3722-4ad1-a481-0df28a0a3a7b,,'193',SOLO,,,,SCRATCHED,TRADITIONAL_GEARED,MEN
c05f10fd-b78b-42bc-91ad-801a584bf265,586bf0e5-92f6-418d-b4d4-9c396bbb8cc7,,'113',SOLO,,,,SCRATCHED,TRADITIONAL_GEARED,MEN
c05f10fd-b78b-42bc-91ad-801a584bf265,5b790f8a-2e34-4b33-9e93-e06990778cf0,,'247a',SOLO,,,,SCRATCHED,TRADITIONAL_GEARED,MEN
c05f10fd-b78b-42bc-91ad-801a584bf265,993955b5-878b-417a-b6a8-01cfbb927ec8,,'247b',SOLO,,,,SCRATCHED,TRADITIONAL_GEARED,MEN
c05f10fd-b78b-42bc-91ad-801a584bf265,ec276074-94c3-4273-8920-a2d40b663ac2,,'29',SOLO,,,,SCRATCHED,TRADITIONAL_GEARED,MEN
c05f10fd-b78b-42bc-91ad-801a584bf265,0ec7fe24-aad5-41da-8358-9dbb9111045e,,'156',SOLO,,,,SCRATCHED,TRADITIONAL_GEARED,MEN
c05f10fd-b78b-42bc-91ad-801a584bf265,47c54ede-97af-4974-90df-bd50b3a9e0e2,,'178',SOLO,,,,SCRATCHED,TRADITIONAL_GEARED,MEN
c05f10fd-b78b-42bc-91ad-801a584bf265,903dffa5-7f40-439e-83e1-cdae9a60d488,,'189',SOLO,,,,SCRATCHED,TRADITIONAL_GEARED,MEN
c05f10fd-b78b-42bc-91ad-801a584bf265,3bad62e4-81cc-4bce-9079-8b1f57ddf80c,,'206',SOLO,,,,SCRATCHED,TRADITIONAL_GEARED,MEN
c05f10fd-b78b-42bc-91ad-801a584bf265,599b39ad-d881-4787-80f4-4eaf5705c989,,'75',SOLO,,,,SCRATCHED,TRADITIONAL_GEARED,MEN
c05f10fd-b78b-42bc-91ad-801a584bf265,ef6bf96f-c730-41cf-80ea-f6ad9cdf4d76,,'122',SOLO,,,,SCRATCHED,TRADITIONAL_GEARED,MEN
c05f10fd-b78b-42bc-91ad-801a584bf265,f5419e61-301f-4467-86ec-529bcea44e34,,'66',SOLO,,,,SCRATCHED,TRADITIONAL_GEARED,MEN
c05f10fd-b78b-42bc-91ad-801a584bf265,e7210c4c-f129-4f1d-b1b7-eeda4497971d,,'140',SOLO,,,,SCRATCHED,TRADITIONAL_GEARED,MEN
c05f10fd-b78b-42bc-91ad-801a584bf265,3ec45586-d663-40cb-b125-e8c4113818cf,,'160',SOLO,,,,SCRATCHED,TRADITIONAL_GEARED,MEN
c05f10fd-b78b-42bc-91ad-801a584bf265,d9917ce4-f821-4e35-96a7-81affbafb9c2,,'79',SOLO,,,,SCRATCHED,TRADITIONAL_GEARED,MEN
c05f10fd-b78b-42bc-91ad-801a584bf265,9bb5c105-f55e-4c31-b6d1-9af81c178d8c,,'116',SOLO,,,,SCRATCHED,TRADITIONAL_GEARED,MEN
c05f10fd-b78b-42bc-91ad-801a584bf265,439c9ee3-5951-4387-b662-5c870562b0db,,'168',SOLO,,,,SCRATCHED,TRADITIONAL_GEARED,MEN
c05f10fd-b78b-42bc-91ad-801a584bf265,1bdb66b7-eaac-4f4c-b36d-2bba0709a24c,,'226',SOLO,,,,SCRATCHED,TRADITIONAL_GEARED,MEN
c05f10fd-b78b-42bc-91ad-801a584bf265,c5e2fbfc-748c-4c3c-b139-057ff7dce39c,,'227',SOLO,,,,SCRATCHED,TRADITIONAL_GEARED,MEN
c05f10fd-b78b-42bc-91ad-801a584bf265,0d331d9a-c7be-4c08-bff7-c173a3ce3610,,'16',SOLO,,,,SCRATCHED,TRADITIONAL_GEARED,MEN
c05f10fd-b78b-42bc-91ad-801a584bf265,88adbd5c-177f-40f1-9be0-ec4e87f7e045,,'38',SOLO,,,,SCRATCHED,TRADITIONAL_GEARED,MEN
c05f10fd-b78b-42bc-91ad-801a584bf265,35892f89-b393-4505-818d-d3c0e3577e02,,'65',SOLO,,,,SCRATCHED,TRADITIONAL_GEARED,MEN
c05f10fd-b78b-42bc-91ad-801a584bf265,46d0b409-64cc-441a-8bff-4642349d02f8,,'73',SOLO,,,,SCRATCHED,TRADITIONAL_GEARED,MEN
c05f10fd-b78b-42bc-91ad-801a584bf265,52b0961b-724a-4c0f-b738-e729b6901b78,,'70',SOLO,,,,SCRATCHED,TRADITIONAL_GEARED,MEN
c05f10fd-b78b-42bc-91ad-801a584bf265,06fc783d-5fae-4ea0-98b2-4ef1011b1f74,,'152',SOLO,,,,SCRATCHED,TRADITIONAL_GEARED,MEN
c05f10fd-b78b-42bc-91ad-801a584bf265,b8fe1389-0790-4524-93cb-9a5c3972e572,,'197',SOLO,,,,SCRATCHED,TRADITIONAL_GEARED,MEN
